,AM.P1.D,AM.P1.R,AM.P2.D,AM.P2.R,TIA.P1.D,TIA.P1.R,TIA.P2.D,TIA.P2.R,TI.P1.D,TI.P1.R,TI.P2.D,TI.P2.R,TI.P3.D,TI.P3.R,TI.P4.D,TI.P4.R,VI.P1.D,VI.P1.R,VI.P2.D,VI.P2.R
K00125: fdhB | Methanogenesis (methanol; acetate; methylamine; dimethylamine; trimethylamine; CO2),-1.5151326618590673,-0.4580633628876249,-0.10570692989714407,1.7735273793854203,0.5990059360838176,-0.4580633628876249,0.24664950309333675,0.011745214433016194,0.12919735876317648,-1.1627762288685866,0.12919735876317648,0.8339102247441381,2.478240245366382,0.364101647423497,0.364101647423497,-0.3406112185574646,-2.219845527840029,-0.10570692989714407,-0.22315907422730435,-0.3406112185574646
K00169: porA | Carbon Fixation: Arnon-Buchanan cycle; Dicarboxylate-hydroxybutyrate cycle; Incomplete rTCA cycle,-0.5919520409656431,-0.6283798588712212,0.6830215857295883,1.1201554005965246,1.1201554005965246,-0.6648076767767992,1.375150125935571,-1.0655136737381576,-1.247652763266048,0.42802686039054194,-0.22767386190986275,1.8122839408025075,0.6830215857295883,0.5737381320128542,-0.7740911304935333,-0.15481822609870666,-2.4861985720557014,0.06374868133476157,0.24588777086265176,-0.2641016798154408
K00170: porB | Carbon Fixation: Arnon-Buchanan cycle; Dicarboxylate-hydroxybutyrate cycle; Incomplete rTCA cycle,-0.686340144328521,-0.27901661653711374,0.942953966837108,0.657827497383123,0.9836863196162486,-0.8900019082242245,1.228080436291093,-0.8492695554450839,-1.0529313193407874,-0.15681955819969154,0.20977161681257495,1.676136316861641,0.41343338070827856,1.228080436291093,-1.0936636721199282,-0.31974896931625446,-2.4785636666107127,0.942953966837108,-0.11608720542055083,-0.3604813220953952
K00171: porD | Carbon Fixation: Arnon-Buchanan cycle; Dicarboxylate-hydroxybutyrate cycle; Incomplete rTCA cycle,-0.6101569715042566,0.3583461578675792,0.7457474096163136,1.617400226050966,1.1331486613650479,-1.0944085361901745,0.64889709667913,-1.0944085361901745,-0.8038575973786238,0.06779521905602844,-0.12590540681833873,2.4890530424856183,0.3583461578675792,0.06779521905602844,-0.997558223252991,-0.7070072844414402,-1.7723607267504597,-0.12590540681833873,0.4551964708047628,-0.6101569715042566
K00172: porC | Carbon Fixation: Arnon-Buchanan cycle; Dicarboxylate-hydroxybutyrate cycle; Incomplete rTCA cycle,-1.3844114811466157,0.14171141145595303,0.5777465236281155,1.5951617853631614,0.8684365984095572,-0.8757038502790928,0.7230915610188363,-0.730358812888372,-0.5850137754976512,-0.5123412568022907,-0.4396687381069303,2.103869416230684,1.013781635800278,0.7230915610188363,-0.8030313315837324,-0.4396687381069303,-2.1111366681002197,0.14171141145595303,0.5050740049327551,-0.5123412568022907
K00184: dmsB | Anaerobic oxidative phosphorylation,-0.7337993857053429,0.8386278693775348,-0.7337993857053429,0.8386278693775348,1.362770287738494,-0.7337993857053429,1.362770287738494,-0.7337993857053429,-1.257941804066302,-0.7337993857053429,-1.257941804066302,-0.20965696734438363,0.31448545101657555,0.8386278693775348,2.4110551244604124,0.31448545101657555,-0.7337993857053429,0.31448545101657555,-0.20965696734438363,-1.257941804066302
K00185: dmsC | Anaerobic oxidative phosphorylation,-1.4320780207890624,-0.56415194758357,-1.4320780207890624,-0.56415194758357,1.171700198827415,-0.56415194758357,-0.56415194758357,1.171700198827415,0.30377412562192246,-0.56415194758357,-0.56415194758357,-0.56415194758357,1.171700198827415,1.171700198827415,0.30377412562192246,1.171700198827415,-1.4320780207890624,0.30377412562192246,2.0396262720329075,-0.56415194758357
K00189: porG | Carbon Fixation: Arnon-Buchanan cycle,0.25840283834906125,-1.3317684745682379,-0.9342256463389131,2.64365980772501,1.4510313230370357,-0.5366828181095883,1.0534884948077108,-0.9342256463389131,-0.9342256463389131,-0.5366828181095883,1.0534884948077108,1.0534884948077108,-0.5366828181095883,0.25840283834906125,-0.5366828181095883,-0.13913998988026355,-1.3317684745682379,-0.13913998988026355,0.25840283834906125,-0.13913998988026355
K00192: cdhA | Carbon Fixation: reductive acetyl-CoA pathway (Wood-Ljungdahl pathway),-1.746974165776829,-0.10451982188408368,0.90334988914101,1.0153354125882426,0.15677973282612578,-1.1870465485406658,0.23143674845761422,-0.9630755016462005,-1.2990320719878985,0.23143674845761422,0.7167073500622889,1.7619055689031269,0.7167073500622889,1.3512919829299406,-1.4483461032508753,-0.06719131406833947,-1.4483461032508753,0.4554077953520795,0.7540358578780332,-0.029862806252595263
K00193: cdhC | Carbon Fixation: reductive acetyl-CoA pathway (Wood-Ljungdahl pathway),-1.742980751416262,-0.25070271082014745,1.5997220595190347,1.002810843280589,0.8834286000328997,-1.1460695351778163,0.8237374784090551,-0.9669961703062825,-1.0863784135539716,-0.19101158919630284,0.5252818702898322,1.3609575730236565,0.0477528972990755,1.2415753297759673,-1.504216264920884,-0.4297760756916812,-1.32514290004935,0.40589962704214305,0.5849729919136768,0.16713514054676468
K00195: cdhB | Carbon Fixation: reductive acetyl-CoA pathway (Wood-Ljungdahl pathway),-1.0048560812817986,0.0609003685625333,1.2789077398131983,1.126656818406865,0.5176531327815327,-1.4616088455007978,-0.5481033170627991,-1.1571070026881316,-1.3093579240944648,-0.09135055284379982,1.4311586612195313,1.2789077398131983,-0.24360147425013293,0.974405897000532,-1.3093579240944648,-0.09135055284379982,-1.3093579240944648,0.3654022113751995,1.4311586612195313,0.0609003685625333
K00196: cooF | Carbon Fixation: reductive acetyl-CoA pathway (Wood-Ljungdahl pathway),-1.5056780347321215,-0.16729755941468016,1.222559088030355,0.6563211946268221,0.7077973667544161,-1.248297174094152,1.6343684650511063,-1.1968210019665582,-1.4542018626045277,-0.6820592806906192,0.5533688503716344,1.1710829159027611,0.5533688503716344,1.3769876044131368,-0.21877373154227406,-0.06434521515949237,-1.7115827232424972,0.24451181760607102,0.2959879897336649,-0.16729755941468016
K00198: acsA | Carbon Fixation: reductive acetyl-CoA pathway (Wood-Ljungdahl pathway),-1.3406958461570173,-0.29937868409331453,-0.24731282599012938,1.7832556400340909,0.689872619867203,-0.3514445421964997,1.3146629171054247,-0.4035104002996848,-0.6638396908156105,-0.7679714070219807,-0.9241689813315361,1.6270580657245355,1.2105312008990543,0.22127989693853684,0.42954332935127737,0.9502019103831287,-2.1737495758079795,-0.6638396908156105,-0.24731282599012938,-0.14318110978375911
K00200: fmdA   | Methanogenesis (CO2),-1.4114638365716767,-0.1623807953578035,1.4364454973959542,1.0367389242075147,0.13739913453352604,-1.211610549977457,0.18736245618208097,-0.6120506901947979,-1.211610549977457,-0.1623807953578035,1.3365188540988442,1.2865555324502893,-0.01249083041213873,1.4364454973959542,-1.5113904798687865,-0.512124046897688,-1.5113904798687865,0.9368122809104048,0.48714238607341054,0.037472491236416196
K00201: fmdB   | Methanogenesis (CO2),-1.0613200922412072,-0.5960838874231438,1.148551880644594,0.392543047815241,0.2762339966107252,-0.6542384130254018,0.10177041980395138,-1.0031655666389492,-1.5847108226615285,0.5670066246220148,1.5556335598603996,1.7300971366671734,0.392543047815241,0.9740883038378203,-1.3520927202524968,-0.5960838874231438,-1.3520927202524968,1.0903973550423363,0.6833156758265306,-0.7123929386276596
K00202: fmdC   | Methanogenesis (CO2),-0.42774981921419103,-0.530822064807972,2.045984075036553,1.118333864692524,0.912189373504962,-0.633894310401753,-0.015460836839067004,-0.7369665559955341,-1.149255538370658,-0.840038801589315,1.221406110286305,1.427550601473867,0.087611408754714,0.7060448823174,-1.35540002955822,-1.561544520745782,-1.2523277839644391,0.396828145536057,0.087611408754714,0.49990039112983803
K00203: fmdD   | Methanogenesis (CO2),-1.369360323634099,-0.17861221612618688,1.012135891381725,0.6152198555457545,0.41676183762776914,-0.3770702340441722,0.41676183762776914,-0.773986269880143,-0.9724442877981283,-0.17861221612618688,2.004425980971652,1.6075099451356814,-0.17861221612618688,0.6152198555457545,-1.369360323634099,-1.1709023057161136,-1.369360323634099,0.41676183762776914,1.409051927217696,-0.5755282519621576
K00320: mer | Methanogenesis (CO2),2.36723751475599,1.0716001064516854,1.3955094585277614,0.6937058623629299,-0.49396176191601604,-1.4656898181442446,-0.4399768699033367,-1.5736596021696032,-0.7099013299667335,-1.0338106820428097,0.4777662943122124,0.8556605384009679,-0.1700524098399399,0.3158116182741743,-0.5479466539286955,-0.22403730185261925,-1.3577200341188858,0.6397209703502504,0.5857360783375711,-0.3859919778906573
K00360: nasB | Nitrogen: Assimilatory nitrate reduction (reduction pathway),-0.2294157338705619,-0.2294157338705619,4.358898943540676,-0.2294157338705619,-0.2294157338705619,-0.2294157338705619,-0.2294157338705619,-0.2294157338705619,-0.2294157338705619,-0.2294157338705619,-0.2294157338705619,-0.2294157338705619,-0.2294157338705619,-0.2294157338705619,-0.2294157338705619,-0.2294157338705619,-0.2294157338705619,-0.2294157338705619,-0.2294157338705619,-0.2294157338705619
K00362: nirB | Nitrogen: Assimilatory nitrate reduction (reduction pathway),-0.6087198031271216,2.09670154410453,0.47344873576553903,1.2850751399350344,-0.06763553368079128,-1.2850751399350344,0.8792619378502867,-1.5556172746581995,-1.2850751399350344,-0.47344873576553903,0.33817766840395647,0.7439908704887042,0.7439908704887042,0.06763553368079128,-0.20290660104237387,-0.20290660104237387,-1.9614304767429473,0.20290660104237387,1.149804072573452,-0.33817766840395647
K00363: nirD | Nitrogen: Assimilatory nitrate reduction (reduction pathway),4.0585909323738765,0.5191220960013099,-0.6607008494562124,0.2831575069098054,-0.18877167127320352,-0.6607008494562124,-0.6607008494562124,-0.6607008494562124,-0.18877167127320352,-0.6607008494562124,-0.18877167127320352,0.047192917818300935,0.2831575069098054,-0.18877167127320352,0.047192917818300935,-0.18877167127320352,-0.6607008494562124,0.2831575069098054,-0.18877167127320352,-0.42473626036470796
K00366: nirA | Nitrogen: Assimilatory nitrate reduction (reduction pathway),4.2562823349113446,-0.12317215760193599,-0.12317215760193599,-0.12317215760193599,-0.396888063384016,-0.12317215760193599,0.15054374818014402,-0.396888063384016,0.15054374818014402,-0.396888063384016,-0.396888063384016,0.15054374818014402,-0.396888063384016,-0.396888063384016,-0.396888063384016,-0.396888063384016,-0.396888063384016,0.15054374818014402,-0.396888063384016,-0.396888063384016
K00367: narB | Nitrogen: Assimilatory nitrate reduction (reduction pathway),0.9045340337332908,2.412090756622109,2.412090756622109,0.9045340337332908,-0.6030226891555273,-0.6030226891555273,-0.6030226891555273,-0.6030226891555273,-0.6030226891555273,-0.6030226891555273,0.9045340337332908,-0.6030226891555273,-0.6030226891555273,-0.6030226891555273,0.9045340337332908,-0.6030226891555273,-0.6030226891555273,-0.6030226891555273,-0.6030226891555273,-0.6030226891555273
K00368: nirK | Nitrogen: Assimilatory nitrate reduction (reduction pathway),3.787919204506444,1.6349278271670797,-0.787187472339705,0.15474625524626684,-0.11437766692115367,-0.6526255112559948,-0.5180635501722844,-0.6526255112559948,-0.11437766692115367,-0.5180635501722844,-0.24893962800486394,-0.3835015890885742,0.020184294162556588,-0.3835015890885742,0.020184294162556588,-0.24893962800486394,-0.5180635501722844,0.15474625524626684,-0.24893962800486394,-0.3835015890885742
K00370: narG | Nitrogen: Dissimilatory nitrate reduction; Denitrification; Nitrification,3.299923017638524,1.236359297713625,-1.0050978463427311,-0.11563072568544694,-0.3646815194694865,-0.6493109980798174,-0.25794546499061244,-0.6137323132535261,0.4536282315352149,-0.7916257373849829,-0.9339404766901483,0.09784138327230125,0.7026790253192545,-0.7204683677324002,0.9873085039295855,0.7738363949718372,-0.8272044222112743,-0.3291028346431952,-0.3646815194694865,-0.5781536284272347
K00371: narH | Nitrogen: Dissimilatory nitrate reduction; Denitrification; Nitrification,3.7046371891848153,0.963133524354767,-0.7683424744852636,0.24168519150475423,0.02525069164975042,-0.6240528079152611,-0.33547347477525596,-0.4797631413452585,-0.04689414163525085,-0.6240528079152611,-0.8404873077702648,0.45811969135975805,0.16954035821975297,-0.6961976412002623,0.8188438577847644,0.3138300247897555,-0.6961976412002623,-0.33547347477525596,-0.6240528079152611,-0.6240528079152611
K00372: nasA | Nitrogen: Assimilatory nitrate reduction (reduction pathway),3.868610274990473,0.7545586604470582,-0.6826959308806718,0.5150162285591032,-0.6826959308806718,0.03593136478319323,-0.2036110671047618,-0.6826959308806718,-0.4431534989927168,-0.2036110671047618,-0.6826959308806718,0.03593136478319323,0.5150162285591032,-0.4431534989927168,-0.2036110671047618,0.27547379667114824,-0.6826959308806718,-0.6826959308806718,-0.6826959308806718,0.27547379667114824
K00376: nosZ | Nitrogen: Denitrification (reduction pathway),0.19089077732167495,1.7629324729119398,-0.9319961480999429,1.3137777027432926,-0.4828413779312957,-0.9319961480999429,0.19089077732167495,-0.9319961480999429,-0.25826399284697216,-0.7074187630156193,-0.7074187630156193,0.640045547490322,1.3137777027432926,-0.4828413779312957,2.212087243080587,1.0892003176589693,-0.9319961480999429,-0.7074187630156193,-0.7074187630156193,-0.9319961480999429
K00380: cysJ | Sulfur metabolism: Assimilatory sulfate reduction,2.063450238716975,0.5462074161309639,-0.6675868419378449,2.063450238716975,-0.6675868419378449,-0.6675868419378449,-0.6675868419378449,-0.6675868419378449,2.3668988032341773,-0.6675868419378449,-0.6675868419378449,-0.060689712903440496,-0.060689712903440496,-0.6675868419378449,-0.3641382774206427,0.8496559806481662,-0.6675868419378449,-0.3641382774206427,-0.3641382774206427,-0.6675868419378449
K00381: cysI | Sulfur metabolism: Assimilatory sulfate reduction,2.2904386373086263,1.1380166814300723,-0.8787217413573976,0.8499111924604338,-0.8787217413573976,-0.30251076341812044,-0.30251076341812044,-0.8787217413573976,0.8499111924604338,-0.5906162523877589,-0.8787217413573976,-0.014405274448481876,1.1380166814300723,-0.5906162523877589,1.7142276593693493,0.8499111924604338,-0.8787217413573976,-0.8787217413573976,-0.8787217413573976,-0.8787217413573976
K00387: SUOX | Sulfur metabolism: Sulfite oxydation,2.4754109910211044,1.443989744762311,-0.6188527477552761,0.41256849850351746,-0.6188527477552761,-0.6188527477552761,-0.6188527477552761,-0.6188527477552761,-0.6188527477552761,-0.6188527477552761,-0.6188527477552761,0.41256849850351746,0.41256849850351746,-0.6188527477552761,2.4754109910211044,0.41256849850351746,-0.6188527477552761,-0.6188527477552761,-0.6188527477552761,-0.6188527477552761
K00390: cysH | Sulfur metabolism: Assimilatory sulfate reduction,2.8509490996912006,1.720261071485059,0.42804618210661094,0.26651932093430497,-0.864168707271837,-1.187222429616449,0.10499245976199896,-0.864168707271837,0.10499245976199896,-1.0256955684441431,0.26651932093430497,-0.05653440141030704,0.5895730432789169,-0.379588123754919,-0.21806126258261305,-0.7026418460995311,-1.187222429616449,1.235680487968141,-0.7026418460995311,-0.379588123754919
K00392: sir | Sulfur metabolism: Assimilatory sulfate reduction,3.684483545140812,1.6375482422848053,-0.5458494140949351,0.1364623535237338,-0.40938706057120133,-0.40938706057120133,-0.1364623535237338,-0.5458494140949351,0.1364623535237338,-0.5458494140949351,-0.5458494140949351,-0.5458494140949351,-0.2729247070474676,-0.40938706057120133,0.8187741211424027,-0.40938706057120133,-0.5458494140949351,-0.1364623535237338,-0.5458494140949351,-0.40938706057120133
K00394: aprA | Sulfur metabolism: Dissimilatory sulfate reduction,-0.2660787118124183,0.8742586245265175,-1.27971189966925,1.1276669214907253,-0.13937456333031434,-0.8995994542229382,-0.2660787118124183,-1.026303602705042,1.2543710699728294,-0.7728953057408342,-0.13937456333031434,1.0009627730086215,0.8742586245265175,-0.2660787118124183,1.6344835154191413,2.0145959608654533,-1.1530077511871462,-0.7728953057408342,-0.8995994542229382,-0.8995994542229382
K00395: aprB | Sulfur metabolism: Dissimilatory sulfate reduction,1.4797045817598056,0.3076613486827318,-0.8643818843943419,0.6006721569520003,0.01465054041346337,-0.8643818843943419,0.01465054041346337,-0.2783602678558051,1.4797045817598056,-1.1573926926636104,-0.5713710761250735,1.4797045817598056,0.3076613486827318,-0.8643818843943419,1.4797045817598056,1.4797045817598056,-1.4504035009328788,-0.5713710761250735,-0.8643818843943419,-1.1573926926636104
K00399: mcrA | Methanogenesis (methanol; acetate; methylamine; dimethylamine; trimethylamine; CO2),-0.9755372173595079,-1.2803925977843542,0.5487396847647231,1.1584504456144156,1.1584504456144156,2.0730165868889543,-0.6706818369346617,-0.060971076084969295,-0.3658264565098155,-0.3658264565098155,-0.060971076084969295,2.0730165868889543,0.2438843043398769,0.8535950651895693,-0.9755372173595079,-0.6706818369346617,-1.5852479782092004,-0.3658264565098155,-0.3658264565098155,-0.3658264565098155
K00401: mcrB | Methanogenesis (methanol; acetate; methylamine; dimethylamine; trimethylamine; CO2),-1.3968605915391565,-1.3968605915391565,-0.6984302957695783,0.6984302957695783,0.34921514788478913,-0.34921514788478913,1.7460757394239457,0.34921514788478913,0.6984302957695783,0.0,-1.0476454436543674,1.3968605915391565,2.095290887308735,0.6984302957695783,-1.3968605915391565,-0.6984302957695783,-0.6984302957695783,0.34921514788478913,-0.34921514788478913,-0.34921514788478913
K00402: mcrG | Methanogenesis (methanol; acetate; methylamine; dimethylamine; trimethylamine; CO2),-0.07568906880689906,-1.0848766528988871,-1.0848766528988871,2.447279891423071,-0.580282860852893,0.42890472323909495,0.42890472323909495,-0.580282860852893,-0.07568906880689906,-0.07568906880689906,-0.580282860852893,0.933498515285089,1.438092307331083,1.438092307331083,-1.0848766528988871,-1.0848766528988871,-1.589470444944881,-0.07568906880689906,0.42890472323909495,0.42890472323909495
K00577: mtrA | Methanogenesis (acetate; CO2),0.71988243710459,-0.6916517532965665,-1.256265429457029,0.71988243710459,1.2844961132650525,0.15526876094412742,1.849109789425515,-0.6916517532965665,-0.6916517532965665,-0.9739585913767977,-0.40934491521633515,1.849109789425515,0.4375755990243587,1.0021892751848214,-0.9739585913767977,-0.6916517532965665,-1.8208791056174916,0.4375755990243587,0.15526876094412742,-0.40934491521633515
K00578: mtrB  | Methanogenesis (acetate; CO2),0.4364357804719846,-0.6546536707079772,-0.6546536707079772,1.5275252316519463,-0.6546536707079772,-0.6546536707079772,0.4364357804719846,0.4364357804719846,-1.745743121887939,0.4364357804719846,0.4364357804719846,1.5275252316519463,0.4364357804719846,-1.745743121887939,-1.745743121887939,-0.6546536707079772,0.4364357804719846,0.4364357804719846,1.5275252316519463,0.4364357804719846
K00579: mtrC  | Methanogenesis (acetate; CO2),-0.9920947376656813,-0.9920947376656813,-0.19841894753313627,0.5952568425994088,-0.19841894753313627,0.5952568425994088,0.5952568425994088,0.5952568425994088,-0.9920947376656813,-0.9920947376656813,-0.19841894753313627,2.182608422864499,0.5952568425994088,-0.19841894753313627,-1.7857705277982263,-0.9920947376656813,-0.9920947376656813,1.3889326327319538,0.5952568425994088,1.3889326327319538
K00580: mtrD | Methanogenesis (acetate; CO2),-0.6546536707079772,-1.200198396297958,-0.10910894511799628,1.5275252316519463,1.5275252316519463,-0.6546536707079772,-0.10910894511799628,-1.200198396297958,-1.200198396297958,0.9819805060619655,-0.6546536707079772,2.0730699572419273,1.5275252316519463,0.4364357804719846,-0.6546536707079772,-0.6546536707079772,-0.6546536707079772,-0.6546536707079772,-0.10910894511799628,0.4364357804719846
K00581: mtrE | Methanogenesis (acetate; CO2),-1.2375966910186265,-1.2375966910186265,-0.6750527405556144,-0.11250879009260249,1.0125791108334214,1.5751230612964333,1.5751230612964333,-0.11250879009260249,1.0125791108334214,0.45003516037040947,-0.11250879009260249,-0.6750527405556144,1.0125791108334214,-1.2375966910186265,0.45003516037040947,1.5751230612964333,-1.2375966910186265,-1.2375966910186265,-0.11250879009260249,-0.6750527405556144
K00582: mtrF | Methanogenesis (acetate; CO2),-1.1941005027976794,-0.15575223949534941,-1.1941005027976794,-0.15575223949534941,1.9209442871093105,0.8825960238069805,-0.15575223949534941,-1.1941005027976794,-0.15575223949534941,-0.15575223949534941,0.8825960238069805,1.9209442871093105,-0.15575223949534941,0.8825960238069805,-1.1941005027976794,-1.1941005027976794,-1.1941005027976794,-0.15575223949534941,0.8825960238069805,0.8825960238069805
K00583: mtrG | Methanogenesis (acetate; CO2),1.7320508075688774,-0.5773502691896258,-0.5773502691896258,-0.5773502691896258,-0.5773502691896258,-0.5773502691896258,1.7320508075688774,-0.5773502691896258,-0.5773502691896258,-0.5773502691896258,-0.5773502691896258,-0.5773502691896258,-0.5773502691896258,-0.5773502691896258,-0.5773502691896258,-0.5773502691896258,1.7320508075688774,1.7320508075688774,1.7320508075688774,-0.5773502691896258
K00584: mtrH | Methanogenesis (acetate; CO2),-1.8469459661780512,-0.18883986187855392,1.8377342655986093,0.6402131902711947,0.6402131902711947,-0.741541896645053,0.08751115550469563,-1.4784779430003852,-1.1100099198227191,-0.37307387346738696,0.8244472018600277,1.3771492366265268,0.6402131902711947,1.4692662424209433,-0.8336589024394695,0.36386217288794515,-1.4784779430003852,0.27174516709352864,-0.0967228560841374,-0.004605850289720891
K00625: pta | Carbon Fixation: Acetate production,0.9144731743518857,0.7042494561100728,-0.3468691350989912,0.9144731743518857,0.28380201962644724,-0.9775402898244296,0.28380201962644724,-0.557092853340804,2.5962629202863883,-0.557092853340804,-1.1877640080662424,0.0735783013846344,0.9144731743518857,-0.7673165715826168,1.3349206108355112,-0.1366454168571784,-1.608211444549868,-1.1877640080662424,-0.7673165715826168,0.0735783013846344
K00672: ftr | Methanogenesis (CO2),-1.5583682054282204,0.09751300458995943,1.6797994941628869,0.7598654885972314,0.6494734079293527,-0.7120289203078174,-0.08647379652317166,-0.7120289203078174,-1.4479761247603418,-0.04967643630054545,0.5022839670388478,1.5694074134950082,0.060715644367333205,1.1278390908234934,-1.668760286096099,-0.6384341998625649,-1.2271919634245845,0.9070549294877363,1.0174470101556148,-0.27046059763630276
K00855: prkB | Carbon Fixation: Calvin-Benson cycle,0.808290376865476,-0.5773502691896257,-1.0392304845413263,0.808290376865476,0.3464101615137754,1.2701705922171767,-0.5773502691896257,-1.5011106998930268,1.2701705922171767,-0.5773502691896257,-1.5011106998930268,1.7320508075688772,1.2701705922171767,-0.11547005383792514,0.808290376865476,-0.11547005383792514,-1.5011106998930268,-1.0392304845413263,-0.11547005383792514,0.3464101615137754
K00860: cysC | Sulfur metabolism: Assimilatory sulfate reduction,0.25154221889308076,0.4039920485252509,-0.66315675889994,-0.5107069292677698,-0.053357440371259494,-0.66315675889994,0.5564418781574211,-0.35825709963559976,-0.053357440371259494,-0.66315675889994,-0.9680564181642802,1.9284903448469521,1.6235906855826119,-0.053357440371259494,1.4711408559504418,1.776040515214782,-1.730305566325131,-0.5107069292677698,-0.5107069292677698,-1.2729560774286206
K00925: ackA | Methanogenesis (acetato); Acetate production,1.2026174519329613,0.7935638968537228,-0.679028901431536,1.3662388739646567,0.3845103417744842,-0.8426503234632314,0.22088891974278876,-0.7608396124473837,0.6299424748220274,-0.679028901431536,-1.4153253005741655,1.1208067409171136,1.284428162948809,-0.2699753463522975,1.2026174519329613,0.9571853188854181,-1.824378855653404,-0.9244610344790792,-0.5972181904156884,-1.1698931675266222
K00956: cysN | Sulfur metabolism: Dissimilatory sulfate reduction,-0.16448974027241584,1.7153930056980502,-1.104431113257649,0.7754516327128173,0.3054809462202007,-1.104431113257649,-0.6344604267650323,-0.6344604267650323,2.185363692190667,-0.6344604267650323,-1.104431113257649,0.3054809462202007,1.2454223192054337,-0.16448974027241584,0.7754516327128173,1.2454223192054337,-1.104431113257649,-1.104431113257649,-0.16448974027241584,-0.6344604267650323
K00957: cysD | Sulfur metabolism: Assimilatory sulfate reduction,1.4469038836885089,1.6244381025459944,0.9143012271160516,1.269369664831023,0.7367670082585659,-1.2161093991737773,0.026630132828622925,-0.8610409614588057,0.3816985705435944,-0.5059725237438343,-0.68350674260132,0.7367670082585659,0.20416435168610866,-0.5059725237438343,1.4469038836885089,-0.5059725237438343,-1.92624627460372,-0.68350674260132,-0.8610409614588057,-1.0385751803162915
K00958: sat | Sulfur metabolism: Dissimilatory sulfate reduction,1.7929028807589287,1.3643205188245233,-0.7071608971917686,0.4357254012999787,0.4357254012999787,-0.8500216845032369,0.15000382667704193,-0.9928824718147053,-0.1357177479458949,-1.0643128654704395,-1.207173652781908,1.221459731513055,0.7214469759229155,-0.49286971622456593,1.3643205188245233,1.4357509124802577,-1.4214648337491105,-0.7785912908475028,-0.4214393225688317,-0.8500216845032369
K01601: rbcL | Carbon Fixation: Calvin-Benson cycle,-0.6687809719613742,-0.7550752909241322,1.315988364182059,1.315988364182059,0.5393394935172373,-1.013958247812406,1.402282683144817,-0.8413696098868901,-0.2373093771475844,0.10786789870344746,-0.4098980150731003,1.9200485969213645,0.7119281314427531,1.143399726256543,-0.9276639288496481,-0.7550752909241322,-1.9631957564027436,0.02157357974068949,-0.2373093771475844,-0.6687809719613742
K01602: rbcS | Carbon Fixation: Calvin-Benson cycle,3.116511459654997,0.2397316507426921,-0.7191949522280763,-0.7191949522280763,-0.7191949522280763,0.2397316507426921,0.2397316507426921,-0.7191949522280763,1.1986582537134605,-0.7191949522280763,-0.7191949522280763,1.1986582537134605,0.2397316507426921,-0.7191949522280763,1.1986582537134605,0.2397316507426921,-0.7191949522280763,-0.7191949522280763,-0.7191949522280763,-0.7191949522280763
K01738: cysK | Sulfur metabolism,1.2747064610184,0.6886345249179863,-0.6593309281129656,0.1318661856225931,0.8937597025531311,-1.2160992674083586,0.4835093472828414,-0.39559855686777934,1.0988848801882758,-0.9816704929681931,-0.8644561057481104,0.8644561057481104,1.5091352354585656,0.043955395207531035,1.0988848801882758,0.6886345249179863,-2.1831179619740415,-0.5714201376979035,-0.6007237345029242,-1.3040100578234208
K01895: acs | Methanogenesis (acetate),1.4986009284878812,1.0362226805797745,-0.2518310100213795,0.573844432671668,0.26008776444830994,-1.2591550501068973,0.3591688175714756,-1.4077766297916459,-0.037155394921187135,-0.7637497844910689,-0.4665066251215718,1.5481414550494639,1.4490604019262983,0.22706074674058804,0.5077903972562242,0.4417363618407804,-2.2995061079001373,-0.020641886067326188,-0.21880399231365757,-1.1765875058375925
K01961: accC | Carbon Fixation: 3-Hydroxypropionate bi-cycle,2.1107603834840813,1.3680854337396824,-0.8599394154935147,0.4690578629964625,-0.11726446574911563,-0.8990275707432198,0.11726446574911563,-0.6254104839952834,0.5081460182461678,-0.7817631049941043,-1.133556502241451,0.7035867944946939,0.8599394154935147,-0.42996970774675736,1.6026143652379137,0.938115725992925,-1.641702520487619,-0.42996970774675736,-0.7426749497443991,-1.0162920364923356
K01962: accA | Carbon Fixation: 3-Hydroxypropionate bi-cycle,1.6675644824743403,1.1967227462462913,-1.157485934893954,0.8043546327229171,0.09809202838084355,-0.2942760851425307,-0.5296969532565552,-0.5296969532565552,0.7258810100182422,-0.7651178213705797,-1.0005386894846042,0.01961840567616871,1.0397755008369416,-0.8435914440752545,1.432143614360316,1.6675644824743403,-1.7068012938266777,-0.6866441986659049,-0.13732883973318097,-1.0005386894846042
K01963: accD   | Carbon Fixation: 3-Hydroxypropionate bi-cycle,1.16239419997581,1.24396572278113,-0.9584653929625101,0.5913935403385701,-0.06117864210399,-1.12160843857315,0.02039288070133,-0.71375082454655,1.16239419997581,-0.71375082454655,-1.04003691576783,0.5098220175332501,0.91767963155985,-0.71375082454655,2.22282399644497,0.9992511543651701,-1.3663230069891101,-0.46903625613059,-0.63217930174123,-1.04003691576783
K01965: pccA | Carbon Fixation: 3-Hydroxypropionate bi-cycle,2.0591073853901207,0.5257295452059882,-1.007648294978144,0.7447835223751501,-0.35048636347065876,-0.13143238630149698,-0.35048636347065876,-0.5695403406398205,1.620999431051797,-1.007648294978144,-1.007648294978144,0.9638374995443119,1.4019454538826353,-0.7885943178089823,0.9638374995443119,0.7447835223751501,-1.007648294978144,-0.7885943178089823,-1.007648294978144,-1.007648294978144
K02092: apcA | Oxygenic photosynthesis (Plants and Cyanobacteria),-0.3333333333333333,-0.3333333333333333,-0.3333333333333333,-0.3333333333333333,-0.3333333333333333,-0.3333333333333333,-0.3333333333333333,-0.3333333333333333,2.9999999999999996,-0.3333333333333333,-0.3333333333333333,-0.3333333333333333,-0.3333333333333333,-0.3333333333333333,2.9999999999999996,-0.3333333333333333,-0.3333333333333333,-0.3333333333333333,-0.3333333333333333,-0.3333333333333333
K02093: apcB | Oxygenic photosynthesis (Plants and Cyanobacteria),-0.3333333333333333,-0.3333333333333333,-0.3333333333333333,-0.3333333333333333,-0.3333333333333333,-0.3333333333333333,-0.3333333333333333,-0.3333333333333333,2.9999999999999996,-0.3333333333333333,-0.3333333333333333,-0.3333333333333333,-0.3333333333333333,-0.3333333333333333,2.9999999999999996,-0.3333333333333333,-0.3333333333333333,-0.3333333333333333,-0.3333333333333333,-0.3333333333333333
K02095: apcD | Oxygenic photosynthesis (Plants and Cyanobacteria),-0.3333333333333333,-0.3333333333333333,-0.3333333333333333,-0.3333333333333333,-0.3333333333333333,-0.3333333333333333,-0.3333333333333333,-0.3333333333333333,2.9999999999999996,-0.3333333333333333,-0.3333333333333333,-0.3333333333333333,-0.3333333333333333,-0.3333333333333333,2.9999999999999996,-0.3333333333333333,-0.3333333333333333,-0.3333333333333333,-0.3333333333333333,-0.3333333333333333
K02096: apcE | Oxygenic photosynthesis (Plants and Cyanobacteria),-0.3144854510165755,-0.3144854510165755,-0.3144854510165755,-0.3144854510165755,-0.3144854510165755,-0.3144854510165755,-0.3144854510165755,-0.3144854510165755,1.782084222427261,-0.3144854510165755,-0.3144854510165755,-0.3144854510165755,-0.3144854510165755,-0.3144854510165755,3.8786538958710977,-0.3144854510165755,-0.3144854510165755,-0.3144854510165755,-0.3144854510165755,-0.3144854510165755
K02097: apcF | Oxygenic photosynthesis (Plants and Cyanobacteria),-0.3333333333333333,-0.3333333333333333,-0.3333333333333333,-0.3333333333333333,-0.3333333333333333,-0.3333333333333333,-0.3333333333333333,-0.3333333333333333,2.9999999999999996,-0.3333333333333333,-0.3333333333333333,-0.3333333333333333,2.9999999999999996,-0.3333333333333333,-0.3333333333333333,-0.3333333333333333,-0.3333333333333333,-0.3333333333333333,-0.3333333333333333,-0.3333333333333333
K02160: accB | Carbon Fixation: 3-Hydroxypropionate bi-cycle,2.159379287474773,1.2749918659833983,-1.2307724949088295,0.24320654091012806,0.09580863732823229,-0.346385073417455,-0.05158926625366346,-0.6411808805812464,0.8327981552377111,-0.6411808805812464,-1.0833745913269337,0.09580863732823229,0.9801960588196068,-0.6411808805812464,1.5697876731471898,1.1275939624015026,-1.525568302072621,-0.346385073417455,-0.9359766877450381,-0.9359766877450381
K02164: norE | Nitrogen: Denitrification (reduction pathway),-0.42008402520840293,-0.42008402520840293,-0.42008402520840293,2.3804761428476167,-0.42008402520840293,-0.42008402520840293,-0.42008402520840293,-0.42008402520840293,-0.42008402520840293,-0.42008402520840293,-0.42008402520840293,-0.42008402520840293,-0.42008402520840293,-0.42008402520840293,2.3804761428476167,-0.42008402520840293,-0.42008402520840293,-0.42008402520840293,2.3804761428476167,-0.42008402520840293
K02284: cpcA | Oxygenic photosynthesis (Plants and Cyanobacteria),-0.22941573387056186,-0.22941573387056186,-0.22941573387056186,-0.22941573387056186,-0.22941573387056186,-0.22941573387056186,-0.22941573387056186,-0.22941573387056186,4.358898943540675,-0.22941573387056186,-0.22941573387056186,-0.22941573387056186,-0.22941573387056186,-0.22941573387056186,-0.22941573387056186,-0.22941573387056186,-0.22941573387056186,-0.22941573387056186,-0.22941573387056186,-0.22941573387056186
K02285: cpcB | Oxygenic photosynthesis (Plants and Cyanobacteria),-0.22941573387056186,-0.22941573387056186,-0.22941573387056186,-0.22941573387056186,-0.22941573387056186,-0.22941573387056186,-0.22941573387056186,-0.22941573387056186,4.358898943540675,-0.22941573387056186,-0.22941573387056186,-0.22941573387056186,-0.22941573387056186,-0.22941573387056186,-0.22941573387056186,-0.22941573387056186,-0.22941573387056186,-0.22941573387056186,-0.22941573387056186,-0.22941573387056186
K02305: norC | Nitrogen: Denitrification (reduction pathway),0.6884187380843125,0.05295528754494712,-0.7943293131742069,-0.15886586263484137,-0.37068701281462985,-0.5825081629944183,-0.7943293131742069,-0.7943293131742069,0.2647764377247356,-0.7943293131742069,-0.7943293131742069,1.323882188623678,1.5357033388034664,-0.5825081629944183,3.018451390061986,0.9002398882641011,-0.7943293131742069,-0.15886586263484137,-0.37068701281462985,-0.7943293131742069
K02437: gcvH | Carbon Fixation: Reductive glycine pathway,1.2884201800751829,0.6699784936390951,-0.4638312648270658,0.8761257224511244,0.0,-1.7522514449022488,-0.2576840360150366,-1.2884201800751829,-0.2576840360150366,-0.979199336857139,0.6184416864360878,1.9068618665112707,0.7730521080451097,0.36075765042105123,0.36075765042105123,0.10307361440601463,-2.0614722881202927,1.0822729512631537,-0.10307361440601463,-0.8761257224511244
K02448: norD | Nitrogen: Denitrification (reduction pathway),0.6756853372933858,2.882004806006482,-0.1516844634740253,0.9514752708825227,-0.9790542642414364,-0.7032643306522993,-0.1516844634740253,-1.5306341314197103,-0.1516844634740253,-0.1516844634740253,-0.9790542642414364,0.12410547011511171,0.3998954037042487,0.3998954037042487,0.9514752708825227,0.9514752708825227,-1.5306341314197103,-0.9790542642414364,-0.1516844634740253,0.12410547011511171
K02567: napA | Nitrogen: Dissimilatory nitrate reduction; Denitrification; Nitrification,0.07206494250343287,-0.5830708984368662,-0.8451252348129858,-0.3210165620607466,-0.3210165620607466,-0.3210165620607466,-0.18998939387268673,-0.5830708984368662,0.8582279516317918,-0.3210165620607466,-0.714098066624926,1.9064452971362704,1.5133637925720909,-0.8451252348129858,2.4305539698885097,1.3823366243840312,-0.8451252348129858,-0.714098066624926,-0.714098066624926,-0.8451252348129858
K02585: NifB | Nitrogen: Nitrogen fixation (reduction pathway),-1.4645199104687958,-0.7413002015953164,0.7051392161516425,-0.7413002015953164,-0.01808049272183692,-0.37969034715857664,1.7899687794618617,-0.01808049272183692,1.7899687794618617,-0.37969034715857664,0.3435293617149028,2.1515786338986014,0.7051392161516425,-0.37969034715857664,-1.4645199104687958,-0.01808049272183692,-1.1029100560320562,0.3435293617149028,-0.7413002015953164,-0.37969034715857664
K02586: nifD | Nitrogen: Nitrogen fixation (reduction pathway),-0.808290376865476,1.5011106998930268,-0.3464101615137754,-0.808290376865476,-0.3464101615137754,-0.808290376865476,0.11547005383792514,-0.808290376865476,2.424871130596428,0.11547005383792514,-0.3464101615137754,1.5011106998930268,1.9629909152447274,-0.808290376865476,0.11547005383792514,-0.3464101615137754,-0.808290376865476,0.11547005383792514,-0.808290376865476,-0.808290376865476
K02587: NifE | Nitrogen: Nitrogen fixation (reduction pathway),-0.08481889296799706,-0.08481889296799706,-0.6502781794213112,-0.6502781794213112,-0.08481889296799706,-0.08481889296799706,-0.08481889296799706,0.48064039348531706,3.873396112205201,-0.08481889296799706,-0.6502781794213112,-0.08481889296799706,1.046099679938631,-0.6502781794213112,0.48064039348531706,-0.6502781794213112,-0.6502781794213112,-0.08481889296799706,-0.6502781794213112,-0.6502781794213112
K02588: nifH | Nitrogen: Nitrogen fixation (reduction pathway),-1.1967552309814597,-0.3618097209943948,2.1430268089668,1.029766128984047,0.7514509589883586,-0.3618097209943948,-0.6401248909900831,-1.1967552309814597,1.029766128984047,0.7514509589883586,0.1948206189969819,0.7514509589883586,1.3080812989797352,0.4731357889926702,-1.1967552309814597,-1.1967552309814597,-1.7533855709728365,-0.08349455099870645,-0.3618097209943948,-0.08349455099870645
K02591: nifK | Nitrogen: Nitrogen fixation (reduction pathway),-0.3646984043128984,-0.3646984043128984,-0.7699188535494523,-0.3646984043128984,0.04052204492365542,0.04052204492365542,0.4457424941602093,-0.3646984043128984,4.0927265372891934,0.04052204492365542,0.04052204492365542,0.04052204492365542,-0.3646984043128984,-0.3646984043128984,0.04052204492365542,-0.7699188535494523,-0.7699188535494523,-0.3646984043128984,0.4457424941602093,-0.3646984043128984
K02592: NifN | Nitrogen: Nitrogen fixation (reduction pathway),-0.40289533293226065,0.4924276291394297,-0.40289533293226065,-0.40289533293226065,0.4924276291394297,-0.40289533293226065,-0.40289533293226065,-0.40289533293226065,4.073719477426191,0.4924276291394297,-0.40289533293226065,-0.40289533293226065,-0.40289533293226065,-0.40289533293226065,0.4924276291394297,-0.40289533293226065,-0.40289533293226065,-0.40289533293226065,-0.40289533293226065,-0.40289533293226065
K02628: pecA | Oxygenic photosynthesis (Plants and Cyanobacteria),-0.3333333333333333,-0.3333333333333333,-0.3333333333333333,-0.3333333333333333,-0.3333333333333333,-0.3333333333333333,-0.3333333333333333,-0.3333333333333333,2.9999999999999996,-0.3333333333333333,-0.3333333333333333,-0.3333333333333333,-0.3333333333333333,-0.3333333333333333,2.9999999999999996,-0.3333333333333333,-0.3333333333333333,-0.3333333333333333,-0.3333333333333333,-0.3333333333333333
K02629: pecB | Oxygenic photosynthesis (Plants and Cyanobacteria),-0.22941573387056186,-0.22941573387056186,-0.22941573387056186,-0.22941573387056186,-0.22941573387056186,-0.22941573387056186,-0.22941573387056186,-0.22941573387056186,4.358898943540675,-0.22941573387056186,-0.22941573387056186,-0.22941573387056186,-0.22941573387056186,-0.22941573387056186,-0.22941573387056186,-0.22941573387056186,-0.22941573387056186,-0.22941573387056186,-0.22941573387056186,-0.22941573387056186
K02636: petC | Oxygenic photosynthesis (Plants and Cyanobacteria),3.067595657490751,1.1074706367298877,-0.9506606350690185,0.029401875311413018,0.22541437738749934,-0.9506606350690185,-0.656641881954889,-0.656641881954889,0.12740812634945617,-0.9506606350690185,-0.656641881954889,-0.06860437572663014,0.9114581346538014,-0.3626231288407596,1.4994956408820603,0.6174393815396719,-1.0486668861070618,-0.2646168778027165,-0.558635630916846,-0.46062937987880276
K02638: petE | Oxygenic photosynthesis (Plants and Cyanobacteria),3.8786538958710977,-0.3144854510165755,-0.3144854510165755,-0.3144854510165755,-0.3144854510165755,-0.3144854510165755,-0.3144854510165755,-0.3144854510165755,1.782084222427261,-0.3144854510165755,-0.3144854510165755,-0.3144854510165755,-0.3144854510165755,-0.3144854510165755,-0.3144854510165755,-0.3144854510165755,-0.3144854510165755,-0.3144854510165755,-0.3144854510165755,-0.3144854510165755
K02641: petH | Oxygenic photosynthesis (Plants and Cyanobacteria),-0.3144854510165755,-0.3144854510165755,-0.3144854510165755,-0.3144854510165755,-0.3144854510165755,-0.3144854510165755,-0.3144854510165755,-0.3144854510165755,3.8786538958710977,-0.3144854510165755,-0.3144854510165755,-0.3144854510165755,-0.3144854510165755,-0.3144854510165755,-0.3144854510165755,1.782084222427261,-0.3144854510165755,-0.3144854510165755,-0.3144854510165755,-0.3144854510165755
K02690: psaA | Oxygenic photosynthesis: Photosystem I,2.6549539521063035,-0.46852128566581824,-0.46852128566581824,-0.46852128566581824,-0.46852128566581824,-0.46852128566581824,1.0932163332202425,-0.46852128566581824,2.6549539521063035,-0.46852128566581824,-0.46852128566581824,-0.46852128566581824,-0.46852128566581824,-0.46852128566581824,1.0932163332202425,-0.46852128566581824,-0.46852128566581824,-0.46852128566581824,-0.46852128566581824,-0.46852128566581824
K02703: psbA | Oxygenic photosynthesis: Photosystem II,0.625978857295168,0.1251957714590336,-0.3755873143771008,-0.3755873143771008,-0.3755873143771008,-0.3755873143771008,-0.3755873143771008,-0.3755873143771008,4.1314604581481085,-0.3755873143771008,-0.3755873143771008,-0.3755873143771008,-0.3755873143771008,-0.3755873143771008,0.1251957714590336,0.625978857295168,-0.3755873143771008,-0.3755873143771008,-0.3755873143771008,-0.3755873143771008
K03385: nrfA | Nitrogen: Assimilatory nitrate reduction (reduction pathway),-0.7562617028802383,-0.34073329470428315,-1.0055787477858114,0.4903235216476271,-0.34073329470428315,-0.17452193143390113,0.15790079510686297,-0.4238389763394742,1.0720632930939642,-0.8393673845154294,-1.0055787477858114,1.6538030645403012,2.1524371543514476,-0.25762761306909215,1.2382746563643463,1.7369087461754924,-0.9224730661506203,-0.6731560212450473,-0.9224730661506203,-0.8393673845154294
K03388: hdrA2 | Methanogenesis (methanol; acetate; methylamine; dimethylamine; trimethylamine; CO2),-1.666855078057695,0.09276483214546173,0.7292230975380929,1.1285694601373908,0.4962710526885024,-1.267508715458397,0.4629921891385609,-0.9846383752838943,-1.321586868727052,-0.46881599025980103,0.9080969891190285,1.8648643161798464,0.6793048022131807,1.0661715909812506,-0.7059278930531342,-0.06114991177301769,-1.824929679919917,0.5337097741821866,0.5753083536196134,-0.23586394541021055
K03389: hdrB2 | Methanogenesis (methanol; acetate; methylamine; dimethylamine; trimethylamine; CO2),-1.4221390730592902,-0.03581341288776436,1.1425633982580328,1.1425633982580328,0.12592458079891367,-1.5838770667459683,0.6804548448675241,-1.191084796364036,-1.029346802677358,-0.8445033813211545,0.7959819832151512,1.8126208006742703,0.6804548448675241,0.9808254045713547,-0.4055002556001713,0.1490300084684391,-1.7225096327631209,0.6111385618589478,0.44940056817226975,-0.336183972591595
K03421: mcrC | Methanogenesis (methanol; acetate; methylamine; dimethylamine; trimethylamine; CO2),0.24618298195866542,-0.9847319278346619,-0.36927447293799825,0.24618298195866542,2.0925553466486564,0.24618298195866542,1.4770978917519928,-0.36927447293799825,2.0925553466486564,0.24618298195866542,-0.36927447293799825,0.8616404368553291,0.24618298195866542,-0.36927447293799825,-1.6001893827313256,-0.9847319278346619,-1.6001893827313256,-0.36927447293799825,-0.36927447293799825,-0.36927447293799825
K03518: coxS | Carbon Fixation: Aerobic CO-oxidation,2.6725225254103497,1.705093556936015,-0.8102217610972554,1.0762647274276975,0.012092862105929185,-1.0520790032158391,-0.5199930705549549,-1.0520790032158391,-0.27813582843637125,-0.7618503126735386,-0.6651074158261051,0.30232155264822963,0.4474358979193798,0.1572072073770794,0.3990644494956631,0.5441787947668133,-1.4874220390292898,0.30232155264822963,0.20557865580079615,-1.1971933484869892
K03519: coxM | Carbon Fixation: Aerobic CO-oxidation,3.5805824877716526,0.6658941758723738,-0.4999811488873378,0.6658941758723738,-0.05156756244129487,-0.8138706593995678,-0.3654570729535249,-0.7690293007549636,-0.3206157143089206,-0.4999811488873378,-0.6345052248211507,0.03811515484791371,-0.4551397902427335,-0.23093299701971204,0.9797836863846038,0.9349423277399995,-0.9483947353333807,-0.09640892108589916,-0.27577435566431635,-0.9035533766887764
K03520: coxL | Carbon Fixation: Aerobic CO-oxidation,3.91552696074136,1.1825258187825924,-0.6039814211991129,0.12955135283311045,-0.28453972928185434,-0.5329943785508332,-0.5093320310014067,-0.52116320477612,0.3898371758768026,-0.5921502474243996,-0.48566968345198014,-0.3436955981554208,-0.29637090305656766,-0.40285146702898716,0.448993044750369,-0.02425390623816219,-0.5448255523255465,-0.07157860133701531,-0.33186442438070746,-0.52116320477612
K03737: nifJ | Carbon Fixation: Arnon-Buchanan cycle,2.034288220876697,1.3725158653540241,-1.3010444509575754,0.39309277918046787,-0.1892668936794845,-0.718684778097623,0.5783890387268164,-0.5863303069930883,1.1078069231449548,-0.5598594127721814,-1.08927729719032,-0.003970634133136001,1.1342778173658619,-0.4539758358885537,1.3725158653540241,0.7901561924940718,-1.4863407105039237,-0.6128012012139953,-0.9039810376439714,-0.8775101434230645
K04040: chlG | Anoxygenic photosynthesis (Green Sulfur Bacteria),-0.4818998735750599,-0.4818998735750599,0.8949569080679685,-0.4818998735750599,-0.4818998735750599,-0.4818998735750599,-0.4818998735750599,-0.4818998735750599,3.6486704713540252,-0.4818998735750599,-0.4818998735750599,-0.4818998735750599,0.8949569080679685,-0.4818998735750599,0.8949569080679685,0.8949569080679685,-0.4818998735750599,-0.4818998735750599,-0.4818998735750599,-0.4818998735750599
K04561: norB | Nitrogen: Denitrification (reduction pathway),-0.3589445580246187,-0.02504264358311299,-1.2771748227387594,0.7262366639102749,-0.10851812219348941,-0.8597974296868773,0.559285706689522,-0.9432729082972537,1.0601385783517807,-0.7763219510765009,-1.193699344128383,1.4775159714036628,1.8114178858451686,-0.10851812219348941,1.3940404927932863,1.31056501418291,-1.778027694401018,-0.27546907941424226,-0.44242003663499513,-0.19199360080386585
K04748: norQ | Nitrogen: Denitrification (reduction pathway),0.33324192147549675,1.2218870454101547,0.48134944213127306,1.0737795247543784,0.33324192147549675,-1.5921558470495956,0.48134944213127306,-1.444048326393819,-1.2959408057380428,-0.7035107231149376,0.7775644834428257,1.81431712803326,0.1851344008197204,1.369994566065931,-0.8516182437707138,-0.7035107231149376,-1.5921558470495956,-0.11108064049183224,0.48134944213127306,-0.25918816114760856
K05299: fdhA | Carbon Fixation: reductive acetyl-CoA pathway (Wood-Ljungdahl pathway),-1.7299727614606202,-0.23288094865816045,1.0978673293884704,1.2642108641442993,1.0978673293884704,-0.731911552925647,1.9295850031676147,-0.5655680181698182,-1.5636292267047913,-1.0645986224373047,-0.3992244834139893,0.9315237946326416,-0.0665374139023316,-0.0665374139023316,0.26614965560932613,-0.23288094865816045,-1.3972856919489625,0.26614965560932613,1.2642108641442993,-0.0665374139023316
K05301: E1.8.2.1 | Sulfur metabolism: Sulfite oxydation,2.1886116124202557,-0.09119215051751063,-0.7751332793988405,-0.09119215051751063,-0.7751332793988405,-0.7751332793988405,-0.5471529031050639,-0.5471529031050639,1.5046704835389257,-0.7751332793988405,-0.7751332793988405,1.276690107245149,1.276690107245149,-0.7751332793988405,1.0487097309513724,1.5046704835389257,-0.7751332793988405,-0.7751332793988405,-0.5471529031050639,-0.7751332793988405
K05376: cpeA | Oxygenic photosynthesis (Plants and Cyanobacteria),-0.22941573387056186,-0.22941573387056186,-0.22941573387056186,-0.22941573387056186,-0.22941573387056186,-0.22941573387056186,-0.22941573387056186,-0.22941573387056186,4.358898943540675,-0.22941573387056186,-0.22941573387056186,-0.22941573387056186,-0.22941573387056186,-0.22941573387056186,-0.22941573387056186,-0.22941573387056186,-0.22941573387056186,-0.22941573387056186,-0.22941573387056186,-0.22941573387056186
K05377: cpeB | Oxygenic photosynthesis (Plants and Cyanobacteria),-0.22941573387056186,-0.22941573387056186,-0.22941573387056186,-0.22941573387056186,-0.22941573387056186,-0.22941573387056186,-0.22941573387056186,-0.22941573387056186,4.358898943540675,-0.22941573387056186,-0.22941573387056186,-0.22941573387056186,-0.22941573387056186,-0.22941573387056186,-0.22941573387056186,-0.22941573387056186,-0.22941573387056186,-0.22941573387056186,-0.22941573387056186,-0.22941573387056186
K05378: cpeC | Oxygenic photosynthesis (Plants and Cyanobacteria),-0.42008402520840293,-0.42008402520840293,-0.42008402520840293,-0.42008402520840293,-0.42008402520840293,-0.42008402520840293,-0.42008402520840293,-0.42008402520840293,2.3804761428476167,-0.42008402520840293,-0.42008402520840293,-0.42008402520840293,-0.42008402520840293,-0.42008402520840293,2.3804761428476167,2.3804761428476167,-0.42008402520840293,-0.42008402520840293,-0.42008402520840293,-0.42008402520840293
K05382: cpeS | Oxygenic photosynthesis (Plants and Cyanobacteria),-0.22941573387056186,-0.22941573387056186,-0.22941573387056186,-0.22941573387056186,-0.22941573387056186,-0.22941573387056186,-0.22941573387056186,-0.22941573387056186,4.358898943540675,-0.22941573387056186,-0.22941573387056186,-0.22941573387056186,-0.22941573387056186,-0.22941573387056186,-0.22941573387056186,-0.22941573387056186,-0.22941573387056186,-0.22941573387056186,-0.22941573387056186,-0.22941573387056186
K05383: cpeT | Oxygenic photosynthesis (Plants and Cyanobacteria),-0.3144854510165755,-0.3144854510165755,-0.3144854510165755,-0.3144854510165755,-0.3144854510165755,-0.3144854510165755,-0.3144854510165755,-0.3144854510165755,-0.3144854510165755,-0.3144854510165755,-0.3144854510165755,1.782084222427261,-0.3144854510165755,-0.3144854510165755,3.8786538958710977,-0.3144854510165755,-0.3144854510165755,-0.3144854510165755,-0.3144854510165755,-0.3144854510165755
K05384: cpeU | Oxygenic photosynthesis (Plants and Cyanobacteria),-1.2837348160276791,-0.7255892438417316,0.39070190053016335,0.39070190053016335,2.0651386170880057,-1.2837348160276791,-1.2837348160276791,-0.7255892438417316,0.9488474727161108,2.0651386170880057,-0.7255892438417316,0.39070190053016335,0.9488474727161108,-0.16744367165578414,-0.16744367165578414,-0.16744367165578414,-1.2837348160276791,-0.16744367165578414,-0.16744367165578414,0.9488474727161108
"K05884: comC | Methanogenesis: Coenzyme M (mercaptoethane sulfonate, CoM) biosynthesis",0.8727186407892233,0.7330836582629476,1.5708935534206019,0.4538136932103961,0.5934486757366718,-2.059615992262567,0.3141787106841204,-1.6407110446837398,-0.24436121942098252,-1.082171114578637,-0.1047262368947068,0.4538136932103961,1.2916235883680505,1.012353623315499,-0.1047262368947068,0.17454372815784466,-1.9199810097362913,0.17454372815784466,0.3141787106841204,-0.8029011495260855
"K05979: comB | Methanogenesis: Coenzyme M (mercaptoethane sulfonate, CoM) biosynthesis",-0.35885350027300517,0.23923566684866987,-0.15949044456578015,0.6379617782631198,1.43541400109202,-0.15949044456578015,0.6379617782631198,-0.7575796116874551,0.03987261114144486,-0.9569426673946801,-1.5550318345163552,2.23286622392092,0.6379617782631198,-0.35885350027300517,1.43541400109202,0.23923566684866987,-1.9537579459308052,0.23923566684866987,-0.35885350027300517,-1.1563057231019052
"K06034: comD | Methanogenesis: Coenzyme M (mercaptoethane sulfonate, CoM) biosynthesis",3.728240507645769,0.4247362603647078,-0.5191220960013097,1.3685946167307252,-0.047192917818300914,-0.047192917818300914,0.4247362603647078,-0.047192917818300914,-0.047192917818300914,-0.047192917818300914,-0.5191220960013097,-0.5191220960013097,-0.047192917818300914,-0.9910512741843184,-0.5191220960013097,-0.5191220960013097,-0.9910512741843184,-0.5191220960013097,-0.5191220960013097,-0.047192917818300914
K06163: phnJ | Methanogenesis accoupled to Phosphate,2.8452033562929038,0.10283867552865919,-0.582752494662402,-0.582752494662402,1.4740210159107814,-0.582752494662402,0.7884298457197202,-0.582752494662402,-0.582752494662402,0.10283867552865919,-0.582752494662402,-0.582752494662402,0.10283867552865919,-0.582752494662402,2.1596121861018425,-0.582752494662402,-0.582752494662402,-0.582752494662402,-0.582752494662402,-0.582752494662402
K07306: dmsA | Anaerobic oxidative phosphorylation,-1.0085738448265198,-0.5560086580453891,-0.16809564080442005,1.9007737844807486,2.159382462641395,-0.16809564080442005,2.0947302931012333,0.025860867816064517,-0.8146173362060353,-0.4913564885052276,-0.5560086580453891,0.7370347327578413,0.3491217155168721,-0.5560086580453891,-0.10344347126425853,-0.10344347126425853,-1.655095540228135,-0.8792695057461968,-0.4267043189650661,0.21981737643654908
K07307: dmsB | Anaerobic oxidative phosphorylation,-1.3526412211098355,0.338160305277459,-0.6280119955152808,1.0627895308720139,3.2366772076556782,0.338160305277459,0.338160305277459,-0.8695550707134657,-0.38646892031709584,-0.6280119955152808,-0.14492584511891088,-0.14492584511891088,0.579703380475644,-0.8695550707134657,1.0627895308720139,0.338160305277459,-1.1110981459116507,-0.8695550707134657,-0.38646892031709584,0.09661723007927406
K07308: dmsC | Anaerobic oxidative phosphorylation,1.0289915108550527,-0.6859943405700352,-0.6859943405700352,-0.6859943405700352,1.0289915108550527,-0.6859943405700352,-0.6859943405700352,-0.6859943405700352,1.0289915108550527,-0.6859943405700352,-0.6859943405700352,2.7439773622801407,1.0289915108550527,-0.6859943405700352,1.0289915108550527,-0.6859943405700352,-0.6859943405700352,-0.6859943405700352,-0.6859943405700352,1.0289915108550527
"K08097: comA | Methanogenesis: Coenzyme M (mercaptoethane sulfonate, CoM) biosynthesis",1.1350160860541945,0.24480739110972816,0.24480739110972816,1.1350160860541945,0.24480739110972816,-0.6454013038347381,-0.200296956362505,-1.9807143462514376,0.6899117385819613,-0.6454013038347381,0.24480739110972816,1.5801204335264276,-0.6454013038347381,-0.200296956362505,2.0252247809986605,0.24480739110972816,-1.9807143462514376,-0.6454013038347381,-0.200296956362505,-0.6454013038347381
K08264: hdrD | Methanogenesis (methanol; acetate; methylamine; dimethylamine; trimethylamine; CO2),-1.071663358610697,0.09400555777286816,0.8836522430649607,1.786105597684495,0.16921000399116268,-0.921254466174108,0.16921000399116268,-1.071663358610697,-1.4476855897021697,-0.7708455737375189,-0.1316077808820154,2.086923382557673,0.921254466174108,1.2972766972655805,-0.7332433506283716,0.09400555777286816,-1.5604922590296115,0.2444144502094572,0.28201667331860447,-0.31961889642775176
K08265: hdrE | Methanogenesis (methanol; acetate; methylamine; dimethylamine; trimethylamine; CO2),2.0225995873897262,-0.674199862463242,-0.674199862463242,0.674199862463242,-0.674199862463242,-0.674199862463242,2.0225995873897262,2.0225995873897262,-0.674199862463242,-0.674199862463242,-0.674199862463242,0.674199862463242,-0.674199862463242,-0.674199862463242,-0.674199862463242,-0.674199862463242,-0.674199862463242,0.674199862463242,0.674199862463242,-0.674199862463242
K08928: pufL | Anoxygenic photosynthesis (Purple bacteria/green nonsulfur bacteria),-0.22941573387056183,-0.22941573387056183,-0.22941573387056183,-0.22941573387056183,-0.22941573387056183,-0.22941573387056183,-0.22941573387056183,-0.22941573387056183,-0.22941573387056183,-0.22941573387056183,-0.22941573387056183,-0.22941573387056183,-0.22941573387056183,-0.22941573387056183,-0.22941573387056183,4.358898943540674,-0.22941573387056183,-0.22941573387056183,-0.22941573387056183,-0.22941573387056183
K08929: pufM | Anoxygenic photosynthesis (Purple bacteria/green nonsulfur bacteria),-0.5773502691896258,-0.5773502691896258,-0.5773502691896258,-0.5773502691896258,-0.5773502691896258,1.7320508075688774,-0.5773502691896258,-0.5773502691896258,-0.5773502691896258,1.7320508075688774,-0.5773502691896258,1.7320508075688774,1.7320508075688774,-0.5773502691896258,1.7320508075688774,-0.5773502691896258,-0.5773502691896258,-0.5773502691896258,-0.5773502691896258,-0.5773502691896258
K08930: pucA | Oxygenic photosynthesis (Purple sulfur bacterium),-0.22941573387056183,-0.22941573387056183,-0.22941573387056183,-0.22941573387056183,-0.22941573387056183,-0.22941573387056183,-0.22941573387056183,-0.22941573387056183,-0.22941573387056183,-0.22941573387056183,-0.22941573387056183,-0.22941573387056183,-0.22941573387056183,-0.22941573387056183,-0.22941573387056183,4.358898943540674,-0.22941573387056183,-0.22941573387056183,-0.22941573387056183,-0.22941573387056183
K09709: meh | Carbon Fixation: 3-Hydroxypropionate bi-cycle,3.918019549846894,0.33583024712973375,-0.5597170785495562,0.33583024712973375,-0.5597170785495562,-0.5597170785495562,-0.5597170785495562,-0.5597170785495562,-0.11194341570991125,-0.11194341570991125,-0.5597170785495562,-0.11194341570991125,-0.11194341570991125,-0.5597170785495562,0.7836039099693788,0.7836039099693788,-0.5597170785495562,-0.5597170785495562,-0.11194341570991125,-0.5597170785495562
K10150: cysO | Sulfur metabolism,-0.2294157338705619,-0.2294157338705619,-0.2294157338705619,4.358898943540676,-0.2294157338705619,-0.2294157338705619,-0.2294157338705619,-0.2294157338705619,-0.2294157338705619,-0.2294157338705619,-0.2294157338705619,-0.2294157338705619,-0.2294157338705619,-0.2294157338705619,-0.2294157338705619,-0.2294157338705619,-0.2294157338705619,-0.2294157338705619,-0.2294157338705619,-0.2294157338705619
"K10535: hao | Nitrogen: Nitrification; Complete nitrification, comammox (oxidation pathways)",1.758484300287031,1.5310940890430182,-0.9701982346411206,0.39414303282295515,-0.13643412674640762,-0.9701982346411206,-0.2880276009090827,-0.8186047604784455,0.015159347416267455,-0.8186047604784455,-1.2733851829664709,1.6826875632056935,1.227907140717668,-0.6670112863157704,1.3795006148803433,0.5457365069856303,-1.3491819200478083,-0.13643412674640762,-0.4396210750717578,-0.6670112863157704
K10944: pmoA-amoA | Nitrification; Methane oxidation; Methanotrophs,3.25,0.7499999999999999,-0.5,-0.5,-0.5,-0.5,-0.5,-0.5,2.0,-0.5,-0.5,-0.5,0.7499999999999999,-0.5,0.7499999999999999,-0.5,-0.5,-0.5,-0.5,-0.5
K10945: pmoB-amoB | Nitrification; Methane oxidation; Methanotrophs,3.519643264172897,1.0923030819846924,-0.5259237061407778,0.28318968792195726,-0.5259237061407778,-0.5259237061407778,-0.5259237061407778,-0.5259237061407778,1.0923030819846924,-0.5259237061407778,-0.5259237061407778,1.0923030819846924,-0.5259237061407778,-0.5259237061407778,0.28318968792195726,-0.5259237061407778,-0.5259237061407778,-0.5259237061407778,-0.5259237061407778,-0.5259237061407778
K10946: pmoC-amoC | Nitrification; Methane oxidation; Methanotrophs,2.4691646752593046,1.6853028735896842,-0.6662825314191775,0.11757927025044311,-0.6662825314191775,-0.6662825314191775,-0.6662825314191775,-0.6662825314191775,1.6853028735896842,-0.6662825314191775,-0.6662825314191775,0.11757927025044311,0.11757927025044311,-0.6662825314191775,1.6853028735896842,0.11757927025044311,-0.6662825314191775,-0.6662825314191775,-0.6662825314191775,-0.6662825314191775
K11261: fmdE | Methanogenesis (CO2),0.34435485115168135,0.18037635060326165,0.34435485115168135,0.18037635060326165,-0.4755376515904173,-1.4594086548809357,-0.31155915104199755,-1.295430154332516,0.34435485115168135,-0.4755376515904173,0.34435485115168135,3.131989360474817,0.18037635060326165,-0.14758065049357783,0.5083333517001011,0.6723118522485209,-1.787365655977775,0.8362903527969405,-0.6395161521388371,-0.4755376515904173
"K11780: cofG | Methanogenesis: F420 biosynthesis, archaea",0.9239364353597956,-1.187918274034023,0.395972758011341,1.4519001127082503,-1.187918274034023,0.395972758011341,0.9239364353597956,-0.6599545966855683,0.395972758011341,-0.13199091933711365,-0.13199091933711365,1.4519001127082503,0.395972758011341,0.9239364353597956,-0.6599545966855683,-0.6599545966855683,-1.7158819513824777,1.4519001127082503,-1.7158819513824777,-0.6599545966855683
"K11781: cofH | Methanogenesis: F420 biosynthesis, archaea",2.174603470923947,0.15171652122725202,-1.365448691045269,1.668881733499773,0.6574382586514257,-0.35400521619692166,1.668881733499773,-1.365448691045269,-1.365448691045269,0.6574382586514257,0.15171652122725202,-0.8597269536210953,0.6574382586514257,-0.8597269536210953,-0.35400521619692166,-0.35400521619692166,-0.8597269536210953,-0.35400521619692166,0.15171652122725202,0.15171652122725202
"K12234: cofE | Methanogenesis: F420 biosynthesis, archaea",0.06667945815799324,0.7536799361494393,1.5215039997869377,1.1577978643797016,-0.05455592031108548,-1.0244389480637153,0.4303855935652294,-1.2669097050018727,-1.3073214978248988,-0.5799092270104266,0.47079738638825563,1.036562485910623,-0.45867384854134785,1.1173860715566755,-1.3073214978248988,-0.984027155240689,-1.671027633232135,1.2790332428487803,0.9961506930875967,-0.1757912987801642
K12264: norV | Nitrogen: Denitrification (reduction pathway),-1.281230558279422,-0.2223623282964287,0.4129586096933672,0.6247322556899658,0.4129586096933672,-0.9635700892845239,0.9423927246848638,-1.3871173812777213,-0.43413597429302736,-0.8576832662862246,-0.32824915129472804,1.8953741316695576,1.683600485672959,1.7894873086712584,-0.7517964432879253,0.20118496369676855,-1.3871173812777213,-0.43413597429302736,0.5188454326916665,-0.43413597429302736
K12339: cysM | Sulfur metabolism,2.6588603305014695,1.7176708329788255,-1.1058976595891068,0.11764868719033052,0.6823623857039169,-1.3882545088459002,0.49412448619938815,-0.6353029108277848,-0.35294606157099156,-0.9176597600845781,-0.5411839610755204,0.7764813354561814,0.30588658669485935,0.023529737438066103,0.7764813354561814,0.023529737438066103,-1.5764924083504288,0.023529737438066103,-0.35294606157099156,-0.7294218605800492
"K13039: comE | Methanogenesis: Coenzyme M (mercaptoethane sulfonate, CoM) biosynthesis",3.3811880208637364,0.5035811945967267,0.9831823323078949,0.5035811945967267,0.5035811945967267,0.023980056885558435,0.023980056885558435,-0.45562108082560987,-0.9352222185367781,-0.9352222185367781,-0.45562108082560987,-0.45562108082560987,-0.9352222185367781,0.5035811945967267,0.5035811945967267,-0.9352222185367781,-0.9352222185367781,-0.9352222185367781,0.5035811945967267,-0.45562108082560987
K13788: pta | Carbon Fixation: Acetate production,-0.7457243424075146,-0.5468645177655107,-1.54116364097553,0.44743460544450875,-0.3480046931235068,-0.1491448684815029,-0.1491448684815029,-0.3480046931235068,1.6405935532965321,0.24857478080250486,-0.9445841670495184,1.4417337286545282,1.6405935532965321,-0.3480046931235068,1.839453377938536,1.0440140793705204,-1.54116364097553,-0.5468645177655107,-0.5468645177655107,-0.5468645177655107
K13992: psaB | Anoxygenic photosynthesis (Purple bacteria/green nonsulfur bacteria),4.198405583320897,0.41605821095972856,-0.34041126351250517,0.41605821095972856,-0.34041126351250517,-0.34041126351250517,-0.34041126351250517,-0.34041126351250517,-0.34041126351250517,-0.34041126351250517,-0.34041126351250517,-0.34041126351250517,-0.34041126351250517,-0.34041126351250517,-0.34041126351250517,-0.34041126351250517,-0.34041126351250517,0.41605821095972856,-0.34041126351250517,-0.34041126351250517
K14126: mvhA | Methanogenesis (methanol; acetate; methylamine; dimethylamine; trimethylamine; CO2),-1.2662954467709024,0.2543650242421901,0.17141990764147597,1.4432450288524261,0.6690906072457609,-1.1833503301701884,1.4708934010526642,-1.1557019579699503,-1.1004052135694742,-0.7133280027661415,0.44790362964385644,1.6091352620538544,0.6690906072457609,0.6414422350455228,-0.8239214915670937,-0.022118697760190358,-2.0680982405778057,0.3649585130431423,0.6414422350455228,-0.04976706996042841
K14127: mvhD | Methanogenesis (methanol; acetate; methylamine; dimethylamine; trimethylamine; CO2),-1.5137081425921042,0.17153352709294234,0.5025631407810764,1.5257455830898548,0.7132183494917073,-0.8215553139714601,0.8034991532248348,-1.002116921437715,-1.4234273388589767,-0.851648915215836,0.35209513455919733,1.8567751967779889,0.9840607606910898,0.9238735582023381,-0.309964092817071,-0.09930888410644016,-1.9952057625021176,-0.039121681617688496,0.17153352709294234,0.051159122115439
K14128: mvhG | Methanogenesis (methanol; acetate; methylamine; dimethylamine; trimethylamine; CO2),-0.8774986150661543,0.17631034529042797,0.622152597748982,1.1085259640674046,0.5816214838891135,-1.2017475259451027,1.2706504195068788,-1.1612164120852342,-1.2017475259451027,-0.553249704187206,0.7842770531884562,1.5948993303858272,0.2979036868700336,1.067994850207536,-1.4854653229641825,0.09524811757069086,-1.9313075754227367,0.014185889850953762,0.8653392809081933,-0.06687633786878333
K14138: acsB | Carbon Fixation: reductive acetyl-CoA pathway (Wood-Ljungdahl pathway),-1.335339225682739,0.08272012902459436,-0.44905212899065566,0.9690072257166777,0.6144923870398443,-0.5672237418829335,1.5007794837319277,-0.6853953547752112,-0.2127089032061001,-0.8626527741136278,-0.5672237418829335,0.4963207741475666,2.1507233546394553,0.08272012902459436,1.0280930321628166,1.323522064393511,-1.9852830965902668,-0.7444811612213501,-0.38996632254451674,-0.44905212899065566
K14469 | Carbon Fixation: 3-Hydroxypropionate bi-cycle; Hydroxypropionate-hydroxybutylate cycle,-0.3333333333333333,-0.3333333333333333,-0.3333333333333333,-0.3333333333333333,-0.3333333333333333,-0.3333333333333333,-0.3333333333333333,-0.3333333333333333,2.9999999999999996,-0.3333333333333333,-0.3333333333333333,-0.3333333333333333,-0.3333333333333333,-0.3333333333333333,2.9999999999999996,-0.3333333333333333,-0.3333333333333333,-0.3333333333333333,-0.3333333333333333,-0.3333333333333333
K14470: mct | Carbon Fixation: 3-Hydroxypropionate bi-cycle,3.000000000000001,2.0909090909090913,-0.6363636363636366,-0.6363636363636366,-0.6363636363636366,-0.6363636363636366,0.2727272727272729,-0.6363636363636366,0.2727272727272729,-0.6363636363636366,-0.6363636363636366,0.2727272727272729,-0.6363636363636366,-0.6363636363636366,-0.6363636363636366,-0.6363636363636366,-0.6363636363636366,1.1818181818181823,0.2727272727272729,0.2727272727272729
K14534: abfD | Carbon Fixation: Dicarboxylate-hydroxybutyrate cycle; Hydroxypropionate-hydroxybutylate cycle,-1.0886773784982282,0.08299334275547023,0.14808616060289792,1.9706850603308734,0.9291999747720303,-1.2839558320405113,0.24572538737403946,-1.2839558320405113,-0.8933989249559452,-0.37265638217652364,-0.1448315197105267,1.8730458335597318,0.24572538737403946,0.8641071569246026,-0.37265638217652364,0.44100384091632255,-1.9348840105147884,0.5060966587637502,0.766467930153461,-0.6981204714136622
"K14941: cofC | Methanogenesis: F420 biosynthesis, archaea",2.220069887323691,1.3092719848319203,0.6261735579630923,-0.5123238201516209,-0.2846243445286783,-0.5123238201516209,0.17077460671720698,-1.4231217226433917,-1.4231217226433917,-1.195422247020449,-0.056924868905735664,0.39847408234014964,-0.056924868905735664,1.3092719848319203,-0.7400232957745636,-0.056924868905735664,-1.4231217226433917,1.536971460454863,0.17077460671720698,-0.056924868905735664
K15019 | Carbon Fixation: Hydroxypropionate-hydroxybutylate cycle,2.3285805526176944,3.411641274765459,-0.37907125275171766,-0.37907125275171766,-0.37907125275171766,-0.37907125275171766,-0.37907125275171766,-0.37907125275171766,-0.37907125275171766,-0.37907125275171766,-0.37907125275171766,-0.37907125275171766,-0.37907125275171766,-0.37907125275171766,-0.37907125275171766,-0.37907125275171766,-0.37907125275171766,-0.37907125275171766,0.7039894693960471,-0.37907125275171766
K15020 | Carbon Fixation: 3-Hydroxypropionate bi-cycle,2.08294153022275,-0.44183608216846215,-0.44183608216846215,-0.44183608216846215,0.8205527240271441,-0.44183608216846215,-0.44183608216846215,-0.44183608216846215,-0.44183608216846215,-0.44183608216846215,-0.44183608216846215,0.8205527240271441,-0.44183608216846215,-0.44183608216846215,-0.44183608216846215,3.3453303364183564,-0.44183608216846215,-0.44183608216846215,-0.44183608216846215,-0.44183608216846215
K15022: fdhB | Carbon Fixation: reductive acetyl-CoA pathway (Wood-Ljungdahl pathway),1.4390259545208388,1.38754023163995,-1.2382316352853726,1.3360545087590614,0.4093114969030652,-1.0837744666427065,0.5637686655457312,-0.6718886835955972,-0.15703145478671032,-0.9293172980000405,-0.9808030208809292,0.20336860537951043,0.5122829426648425,-0.6204029607147085,1.4390259545208388,1.2845687858781727,-1.9075460327369254,-0.6204029607147085,0.15188288249862175,-0.517431514952931
K15024: pduL | Carbon Fixation: Acetate production,1.6996731711975948,0.3922322702763681,-0.2614881801842453,-0.9152086306448586,0.3922322702763681,1.0459527207369814,1.0459527207369814,0.3922322702763681,1.0459527207369814,-0.9152086306448586,-0.9152086306448586,-0.2614881801842453,2.353393621658208,-0.9152086306448586,-0.9152086306448586,0.3922322702763681,-0.9152086306448586,-0.9152086306448586,-0.9152086306448586,-0.9152086306448586
K15038 | Carbon Fixation: Dicarboxylate-hydroxybutyrate cycle; Hydroxypropionate-hydroxybutylate cycle,2.9999999999999996,2.9999999999999996,-0.3333333333333333,-0.3333333333333333,-0.3333333333333333,-0.3333333333333333,-0.3333333333333333,-0.3333333333333333,-0.3333333333333333,-0.3333333333333333,-0.3333333333333333,-0.3333333333333333,-0.3333333333333333,-0.3333333333333333,-0.3333333333333333,-0.3333333333333333,-0.3333333333333333,-0.3333333333333333,-0.3333333333333333,-0.3333333333333333
K15039: ydfG | Carbon Fixation: 3-Hydroxypropionate bi-cycle,-0.4662524041201569,1.3987572123604706,3.263766828841098,-0.4662524041201569,-0.4662524041201569,-0.4662524041201569,-0.4662524041201569,-0.4662524041201569,-0.4662524041201569,-0.4662524041201569,1.3987572123604706,-0.4662524041201569,-0.4662524041201569,-0.4662524041201569,-0.4662524041201569,-0.4662524041201569,-0.4662524041201569,1.3987572123604706,-0.4662524041201569,-0.4662524041201569
K15864: nirS | Nitrogen: Denitrification (reduction pathway),2.185077341824051,1.2030201095435786,-0.7610943550173661,-0.7610943550173661,-0.7610943550173661,0.22096287726310626,0.22096287726310626,0.22096287726310626,2.676105957964287,-0.7610943550173661,-0.7610943550173661,0.22096287726310626,0.7119914934033424,-0.7610943550173661,-0.2700657388771299,0.22096287726310626,-0.7610943550173661,-0.7610943550173661,-0.7610943550173661,-0.7610943550173661
K15876: nrfH | Nitrogen: Dissimilatory nitrate reduction (reduction pathway),0.8856776847816976,0.431484000278263,-0.931097053232041,0.431484000278263,-0.931097053232041,0.431484000278263,-0.931097053232041,-0.4769033687286063,1.3398713692851323,-0.4769033687286063,-0.931097053232041,0.431484000278263,0.8856776847816976,-0.4769033687286063,2.2482587382920016,1.794065053788567,-0.931097053232041,-0.931097053232041,-0.931097053232041,-0.931097053232041
K17067: mdo | Methanol oxidation: Methylotrophs,-0.420084025208403,-0.420084025208403,-0.420084025208403,2.380476142847617,-0.420084025208403,-0.420084025208403,-0.420084025208403,-0.420084025208403,-0.420084025208403,-0.420084025208403,2.380476142847617,-0.420084025208403,-0.420084025208403,-0.420084025208403,-0.420084025208403,2.380476142847617,-0.420084025208403,-0.420084025208403,-0.420084025208403,-0.420084025208403
K17222: SOXA | Sulfur metabolism: Thiosulfate oxidation by SOX (sulfur-oxidation) system,3.3104885690210786,0.30095350627464346,-0.5589136545100523,1.5907542474516871,-0.5589136545100523,-0.5589136545100523,-0.12898007411770437,-0.12898007411770437,-0.12898007411770437,-0.5589136545100523,-0.5589136545100523,-0.5589136545100523,-0.5589136545100523,-0.5589136545100523,1.5907542474516871,0.30095350627464346,-0.5589136545100523,-0.5589136545100523,-0.5589136545100523,-0.5589136545100523
K17223: soxX | Sulfur metabolism: Thiosulfate oxidation by SOX (sulfur-oxidation) system,3.1658691180665177,-0.6030226891555273,-0.6030226891555273,0.15075567228888176,0.15075567228888176,-0.6030226891555273,0.15075567228888176,-0.6030226891555273,0.15075567228888176,0.15075567228888176,-0.6030226891555273,0.15075567228888176,0.15075567228888176,-0.6030226891555273,2.412090756622109,-0.6030226891555273,-0.6030226891555273,-0.6030226891555273,-0.6030226891555273,-0.6030226891555273
K17224: soxB | Sulfur metabolism: Thiosulfate oxidation by SOX (sulfur-oxidation) system,3.5954411962482706,0.4988889698143535,-0.18923374717096159,0.842950328307011,-0.5332951056636192,-0.18923374717096159,0.4988889698143535,-0.5332951056636192,0.842950328307011,-0.5332951056636192,-0.8773564641562767,0.15482761132169595,-0.5332951056636192,-0.8773564641562767,0.15482761132169595,0.4988889698143535,-0.8773564641562767,-0.5332951056636192,-0.5332951056636192,-0.8773564641562767
K17225: soxC | Sulfur metabolism: Thiosulfate oxidation by SOX (sulfur-oxidation) system,3.554766326548573,1.253119064754533,-0.7927896123957249,0.9973804801107506,0.48590331082318616,-0.5370510277519427,-0.5370510277519427,-0.7927896123957249,0.48590331082318616,-0.7927896123957249,-0.5370510277519427,-0.28131244310816045,-0.28131244310816045,-0.5370510277519427,-0.025573858464378246,-0.28131244310816045,-0.7927896123957249,0.23016472617940398,-0.28131244310816045,-0.5370510277519427
K17226: soxY | Sulfur metabolism: Thiosulfate oxidation by SOX (sulfur-oxidation) system,2.576692504412407,0.2862991671569341,-0.8588975014708023,-0.2862991671569341,-0.2862991671569341,0.2862991671569341,-0.8588975014708023,0.2862991671569341,1.4314958357846705,0.2862991671569341,-0.8588975014708023,-0.2862991671569341,0.8588975014708023,-0.8588975014708023,2.0040941700985386,-0.2862991671569341,-0.8588975014708023,-0.8588975014708023,-0.8588975014708023,-0.8588975014708023
K17227: soxZ | Sulfur metabolism: Thiosulfate oxidation by SOX (sulfur-oxidation) system,3.666666666666667,1.1666666666666667,-0.5,-0.5,-0.5,-0.5,-0.5,0.33333333333333337,1.1666666666666667,-0.5,-0.5,0.33333333333333337,0.33333333333333337,-0.5,-0.5,-0.5,-0.5,-0.5,-0.5,-0.5
K17229: fccB | Sulfur metabolism: Sulfite oxydation,3.4877724928706737,0.11250879009260235,-0.4500351603704095,1.2375966910186262,-0.4500351603704095,-0.4500351603704095,-0.4500351603704095,-0.4500351603704095,0.11250879009260235,-0.4500351603704095,-0.4500351603704095,-0.4500351603704095,-0.4500351603704095,-0.4500351603704095,-0.4500351603704095,1.800140641481638,-0.4500351603704095,-0.4500351603704095,-0.4500351603704095,-0.4500351603704095
K18289: ict-P | Carbon Fixation: 3-Hydroxypropionate bi-cycle,3.302003302004953,2.032002032003048,-0.762000762001143,0.0,-0.762000762001143,-0.508000508000762,-0.508000508000762,-0.508000508000762,0.762000762001143,-0.762000762001143,-0.762000762001143,-0.254000254000381,-0.508000508000762,-0.508000508000762,0.254000254000381,0.254000254000381,-0.762000762001143,0.0,0.0,0.0
K18603: pccB | Carbon Fixation: 3-Hydroxypropionate bi-cycle,2.573251177328327,3.308465799422135,-0.3676073110469039,0.3676073110469039,-0.3676073110469039,-0.3676073110469039,-0.3676073110469039,-0.3676073110469039,-0.3676073110469039,-0.3676073110469039,-0.3676073110469039,-0.3676073110469039,-0.3676073110469039,-0.3676073110469039,-0.3676073110469039,-0.3676073110469039,-0.3676073110469039,-0.3676073110469039,-0.3676073110469039,-0.3676073110469039
K18604: pccC | Carbon Fixation: 3-Hydroxypropionate bi-cycle,2.9999999999999996,2.9999999999999996,-0.3333333333333333,-0.3333333333333333,-0.3333333333333333,-0.3333333333333333,-0.3333333333333333,-0.3333333333333333,-0.3333333333333333,-0.3333333333333333,-0.3333333333333333,-0.3333333333333333,-0.3333333333333333,-0.3333333333333333,-0.3333333333333333,-0.3333333333333333,-0.3333333333333333,-0.3333333333333333,-0.3333333333333333,-0.3333333333333333
K19745: acuI | Carbon Fixation: 3-Hydroxypropionate bi-cycle,1.7602160821154047,1.4808167040018485,-1.0337776990201584,0.9220179477747358,-0.7543783209066021,-0.19557956467948948,0.08381981343406684,-0.47497894279304576,1.4808167040018485,-0.7543783209066021,-1.0337776990201584,0.36321919154762317,0.36321919154762317,-1.0337776990201584,2.039615460228961,-0.19557956467948948,-1.0337776990201584,-0.47497894279304576,-1.0337776990201584,-0.47497894279304576
K22015: fdhF | Carbon Fixation: reductive acetyl-CoA pathway (Wood-Ljungdahl pathway),2.110579412044345,0.6030226891555273,-0.9045340337332908,-0.9045340337332908,0.6030226891555273,2.110579412044345,-0.9045340337332908,-0.9045340337332908,0.6030226891555273,0.6030226891555273,-0.9045340337332908,-0.9045340337332908,0.6030226891555273,0.6030226891555273,-0.9045340337332908,-0.9045340337332908,-0.9045340337332908,0.6030226891555273,0.6030226891555273,-0.9045340337332908
K22480: hdrA1 | Methanogenesis (methanol; acetate; methylamine; dimethylamine; trimethylamine; CO2),-0.4834937784152282,-0.8864052604279183,-0.0805822964025381,1.5310636316482225,-0.0805822964025381,-0.4834937784152282,-0.0805822964025381,-0.4834937784152282,-0.8864052604279183,-0.0805822964025381,-0.0805822964025381,0.322329185610152,-0.0805822964025381,3.5456210417116734,-0.4834937784152282,-0.4834937784152282,-0.8864052604279183,-0.8864052604279183,0.7252406676228421,0.322329185610152
K22481: hdrB1 | Methanogenesis (methanol; acetate; methylamine; dimethylamine; trimethylamine; CO2),3.8010210725579854,0.3455473702325441,-0.5183210553488161,0.3455473702325441,-0.5183210553488161,-0.5183210553488161,-0.5183210553488161,0.3455473702325441,-0.5183210553488161,-0.5183210553488161,0.3455473702325441,-0.5183210553488161,-0.5183210553488161,-0.5183210553488161,-0.5183210553488161,-0.5183210553488161,-0.5183210553488161,0.3455473702325441,1.2094157958139042,-0.5183210553488161
K22482: hdrC1 | Methanogenesis (methanol; acetate; methylamine; dimethylamine; trimethylamine; CO2),3.3731221080633165,0.19841894753313627,-0.5952568425994088,0.9920947376656813,1.7857705277982263,-0.5952568425994088,-0.5952568425994088,-0.5952568425994088,0.19841894753313627,0.19841894753313627,-0.5952568425994088,0.19841894753313627,-0.5952568425994088,0.19841894753313627,-0.5952568425994088,-0.5952568425994088,-0.5952568425994088,-0.5952568425994088,-0.5952568425994088,-0.5952568425994088
K22516: fdhA | Methanogenesis (CO2),-1.8415593103540382,-0.3382455876160477,-0.3382455876160477,1.0576885834978007,1.3798272383702272,-0.7677637941126164,1.0576885834978007,-0.5530046908643321,-0.44562513924018987,0.1986521705046632,-0.7677637941126164,1.916724996490938,0.735549928625374,0.735549928625374,0.5207908253770898,0.091272618880521,-2.2710775168506068,0.30603172212880536,-0.3382455876160477,-0.3382455876160477
K22622: soxD | Sulfur metabolism: Thiosulfate oxidation by SOX (sulfur-oxidation) system,3.6521858576011077,0.7877263614433762,-0.6445033866354896,1.0741723110591495,-0.35805743701971643,-0.6445033866354896,-0.35805743701971643,-0.6445033866354896,-0.0716114874039433,-0.6445033866354896,-0.6445033866354896,-0.6445033866354896,1.0741723110591495,-0.6445033866354896,-0.0716114874039433,-0.0716114874039433,-0.6445033866354896,-0.0716114874039433,-0.0716114874039433,-0.35805743701971643
K22903: VnfE | Nitrogen: Nitrogen fixation (reduction pathway),-0.6900655593423541,-0.6900655593423541,-0.6900655593423541,2.0701966780270626,0.0,0.6900655593423541,-1.3801311186847083,1.3801311186847083,0.6900655593423541,2.0701966780270626,-0.6900655593423541,-0.6900655593423541,-0.6900655593423541,0.6900655593423541,-1.3801311186847083,0.0,-0.6900655593423541,-0.6900655593423541,0.6900655593423541,0.0
K23349: dmsD | Anaerobic oxidative phosphorylation,1.2839397814530946,0.8170525881974239,-0.1167217983139177,0.8170525881974239,-0.1167217983139177,-1.0504961848252592,-1.0504961848252592,-0.5836089915695885,0.8170525881974239,-1.0504961848252592,-1.0504961848252592,1.2839397814530946,0.3501653949417531,-0.1167217983139177,2.684601361220107,-0.1167217983139177,-1.0504961848252592,-0.5836089915695885,-0.1167217983139177,-1.0504961848252592
K23995: xoxF | Methane oxidation: Methanotroph,2.877065189579532,2.0666242911064243,-0.7699188535494523,0.04052204492365542,0.04052204492365542,0.04052204492365542,0.04052204492365542,-0.7699188535494523,0.04052204492365542,-0.3646984043128984,-0.7699188535494523,-0.7699188535494523,0.8509629433967631,-0.7699188535494523,1.256183392633317,-0.3646984043128984,-0.7699188535494523,-0.3646984043128984,-0.7699188535494523,-0.7699188535494523
