Module,AM.P1.D,AM.P1.R,AM.P2.D,AM.P2.R,TIA.P1.D,TIA.P1.R,TIA.P2.D,TIA.P2.R,TI.P1.D,TI.P1.R,TI.P2.D,TI.P2.R,TI.P3.D,TI.P3.R,TI.P4.D,TI.P4.R,VI.P1.D,VI.P1.R,VI.P2.D,VI.P2.R,Acid mine drainage 3300038494,Lab enriched acid 3300038413,Acid mine drainage 3300008567,Acid mine drainage 3300030091,Hydrotherm Fe rich 3300023310,Metatransc of lab 3300046014,Metatransc of lab 3300055056,Freshwater sediment microbial 3300010391,Freshwater sediment microbial 3300031898,Freshwater microbial communitie 3300024300,Metatransc of lab 3300055061,Hydrotherm Fe rich 3300023368,Acid mine drainage 3300038487,Freshwater sediment microbial 3300031593,Acid mine drainage 3300030082,Freshwater sediment microbial 3300031604,Freshwater sediment microbial 3300021518,Acid mine drainage 3300030398,Acid mine drainage 3300030242,Hydrotherm Fe rich 3300023439,Freshwater microbial communitie 3300024333,Lab enriched sediment 3300039027,Acid mine drainage 3300039205,Freshwater microbial communitie 3300043827,Lab enriched acid 3300038471,Acid mine drainage 3300030335,Freshwater microbial communitie 3300028737,Lab enriched acid 3300038411,Freshwater sediment microbial 3300031877,Acid mine drainage 3300038731,Acid mine drainage 3300038979,Hydrotherm Fe rich 3300023548,Metatransc of freshwater 3300061576,Acid mine drainage 3300038486,Freshwater sediment microbial 3300031587,Acid Mine Drainage 3300005360,Acid mine drainage 3300008723,Acid mine drainage 3300038493,Freshwater sediment microbial 3300036045,Metatransc of lab 3300046013,Acid mine drainage 3300038729,Acid mine drainage 3300030413,Lab enriched acid 3300038412,Freshwater sediment microbial 3300031806,Metatransc of lab 3300055057,Hydrotherm Fe rich 3300023440,Lab enriched sediment 3300039028,Acid mine drainage 3300008566,Freshwater microbial communitie 3300024341,Freshwater sediment microbial 3300021517,Metatransc of lab 3300055062,Hydrotherm Fe rich 3300023442,Freshwater sediment microbial 3300036046,Hydrotherm Fe rich 3300023313,Acid mine drainage 3300039211,Acid mine drainage 3300008721,Pink biofilm microbial 3300003104,Acid mine drainage 3300038681,Acid mine drainage 3300030228,Metatransc of lab 3300055069,Acid Mine Drainage 2010484004,Hydrotherm Fe rich 3300023307,Freshwater sediment microbial 3300031876,Freshwater microbial communitie 3300023177,Biofilm microbial communitie 3300021476,Acid Mine Drainage 3300003083,Hydrotherm Fe rich 3300023444
"M00175 | Nitrogen fixation, nitrogen -> ammonia",1 block missing,Complete,1 block missing,1 block missing,Complete,1 block missing,Complete,1 block missing,Complete,1 block missing,1 block missing,1 block missing,1 block missing,1 block missing,Complete,1 block missing,1 block missing,1 block missing,1 block missing,1 block missing,Incomplete,Incomplete,Incomplete,Incomplete,Incomplete,Incomplete,Incomplete,Incomplete,Incomplete,Incomplete,Incomplete,Incomplete,Incomplete,Incomplete,Incomplete,Incomplete,Incomplete,Incomplete,Incomplete,Incomplete,Incomplete,Incomplete,Incomplete,Incomplete,Incomplete,Incomplete,Incomplete,Incomplete,Incomplete,Incomplete,Incomplete,Incomplete,Incomplete,Incomplete,Incomplete,Incomplete,Incomplete,Incomplete,Incomplete,Incomplete,Incomplete,Incomplete,Incomplete,Incomplete,Incomplete,Incomplete,Incomplete,Incomplete,Incomplete,Incomplete,Incomplete,Incomplete,Incomplete,Incomplete,Incomplete,Incomplete,Incomplete,Incomplete,Incomplete,Incomplete,Incomplete,Incomplete,Incomplete,Incomplete,Incomplete,Incomplete,Incomplete
"M00528 | Nitrification, ammonia -> nitrite",Incomplete,Incomplete,Incomplete,Incomplete,Incomplete,Incomplete,Incomplete,Incomplete,Incomplete,Incomplete,Incomplete,Incomplete,Incomplete,Incomplete,Incomplete,Incomplete,Incomplete,Incomplete,Incomplete,Incomplete,Incomplete,Complete,Incomplete,Incomplete,1 block missing,Complete,1 block missing,Complete,Incomplete,Complete,1 block missing,Complete,Incomplete,Incomplete,Incomplete,Incomplete,Incomplete,Incomplete,Incomplete,Complete,Complete,1 block missing,Incomplete,1 block missing,Complete,Incomplete,Complete,Complete,Incomplete,Incomplete,Incomplete,1 block missing,Complete,Incomplete,Incomplete,Incomplete,Incomplete,Incomplete,Complete,1 block missing,Incomplete,Incomplete,Complete,Incomplete,1 block missing,Complete,1 block missing,Incomplete,Complete,Incomplete,Incomplete,Complete,Complete,Complete,Incomplete,Incomplete,Incomplete,Incomplete,Incomplete,Complete,Incomplete,1 block missing,Incomplete,Complete,1 block missing,Incomplete,Complete
"M00529 | Denitrification, nitrate -> nitrogen",Incomplete,Incomplete,Incomplete,Incomplete,Incomplete,Incomplete,Incomplete,Incomplete,Incomplete,Incomplete,Incomplete,Incomplete,Incomplete,Incomplete,Incomplete,Incomplete,Incomplete,Incomplete,Incomplete,Incomplete,Incomplete,Complete,Incomplete,Incomplete,Complete,Incomplete,Incomplete,Complete,1 block missing,Complete,Incomplete,Complete,Incomplete,Incomplete,Incomplete,Incomplete,Complete,Incomplete,Incomplete,Complete,Complete,1 block missing,Incomplete,Incomplete,Complete,Incomplete,Complete,Complete,Incomplete,Incomplete,Incomplete,Complete,Incomplete,Incomplete,Incomplete,Incomplete,Incomplete,Incomplete,Complete,Incomplete,Incomplete,Incomplete,Complete,Incomplete,Incomplete,Complete,Complete,Incomplete,Complete,Complete,Incomplete,Complete,Complete,Complete,Incomplete,Incomplete,Incomplete,Incomplete,Incomplete,Incomplete,Incomplete,Incomplete,Incomplete,Complete,Complete,Incomplete,Complete
"M00530 | Dissimilatory nitrate reduction, nitrate -> ammonia",Complete,Complete,Incomplete,1 block missing,Incomplete,Incomplete,Incomplete,Incomplete,1 block missing,Incomplete,Incomplete,1 block missing,1 block missing,Incomplete,1 block missing,1 block missing,Incomplete,Incomplete,1 block missing,Incomplete,Incomplete,Complete,Incomplete,Incomplete,Incomplete,Incomplete,Incomplete,Complete,Complete,Complete,Incomplete,Complete,Incomplete,Incomplete,Incomplete,Incomplete,Complete,Incomplete,Incomplete,Incomplete,Complete,Incomplete,Incomplete,Incomplete,Complete,Incomplete,Complete,Complete,1 block missing,Incomplete,Incomplete,Incomplete,Incomplete,Incomplete,Incomplete,Incomplete,Incomplete,Incomplete,Complete,Incomplete,Incomplete,Incomplete,Complete,Incomplete,Incomplete,1 block missing,Complete,Incomplete,Complete,Complete,Incomplete,Complete,Complete,Incomplete,Incomplete,Incomplete,Incomplete,Incomplete,Incomplete,Incomplete,Incomplete,Incomplete,Incomplete,Complete,Complete,Incomplete,1 block missing
"M00531 | Assimilatory nitrate reduction, nitrate -> ammonia",Complete,1 block missing,1 block missing,Complete,Complete,Incomplete,Complete,Incomplete,Complete,1 block missing,Incomplete,Complete,1 block missing,1 block missing,1 block missing,1 block missing,Incomplete,1 block missing,Incomplete,1 block missing,Incomplete,Incomplete,Incomplete,Incomplete,Incomplete,Incomplete,Incomplete,Incomplete,Incomplete,1 block missing,Incomplete,Incomplete,Incomplete,Incomplete,Incomplete,Incomplete,Incomplete,Incomplete,Incomplete,Incomplete,1 block missing,Incomplete,Incomplete,Incomplete,Incomplete,Incomplete,Incomplete,Incomplete,Incomplete,Incomplete,Incomplete,Incomplete,Incomplete,Incomplete,Incomplete,Incomplete,Incomplete,Incomplete,Incomplete,Incomplete,Incomplete,Incomplete,Incomplete,Incomplete,Incomplete,Incomplete,Incomplete,Incomplete,Incomplete,Incomplete,Incomplete,Incomplete,1 block missing,Incomplete,Incomplete,Incomplete,Incomplete,Incomplete,Incomplete,Incomplete,Incomplete,Incomplete,Incomplete,1 block missing,1 block missing,Incomplete,Incomplete
"M00804 | Complete nitrification, comammox, ammonia -> nitrite -> nitrate",Incomplete,Incomplete,Incomplete,Incomplete,Incomplete,Incomplete,Incomplete,Incomplete,Incomplete,Incomplete,Incomplete,Incomplete,Incomplete,Incomplete,Incomplete,Incomplete,Incomplete,Incomplete,Incomplete,Incomplete,Incomplete,Complete,Incomplete,Incomplete,1 block missing,Complete,1 block missing,Complete,Incomplete,Complete,1 block missing,Complete,Incomplete,Incomplete,Incomplete,Incomplete,Incomplete,Incomplete,Incomplete,Complete,Complete,1 block missing,Incomplete,Incomplete,Complete,Incomplete,Complete,Complete,Incomplete,Incomplete,Incomplete,1 block missing,Complete,Incomplete,Incomplete,Incomplete,Incomplete,Incomplete,Complete,1 block missing,Incomplete,Incomplete,Complete,Incomplete,1 block missing,Complete,1 block missing,Incomplete,Complete,Incomplete,Incomplete,Complete,Complete,Complete,Incomplete,Incomplete,Incomplete,Incomplete,Incomplete,Complete,Incomplete,1 block missing,Incomplete,Complete,1 block missing,Incomplete,Complete
M00165 | Reductive pentose phosphate cycle (Calvin cycle),Complete,Complete,1 block missing,1 block missing,Complete,1 block missing,1 block missing,Complete,Complete,1 block missing,1 block missing,1 block missing,Complete,1 block missing,Complete,1 block missing,1 block missing,1 block missing,1 block missing,1 block missing,Incomplete,Incomplete,Incomplete,Incomplete,Incomplete,Incomplete,Incomplete,Incomplete,Incomplete,Incomplete,Incomplete,Incomplete,Incomplete,Incomplete,Incomplete,Incomplete,Incomplete,Incomplete,Incomplete,Incomplete,1 block missing,Incomplete,Incomplete,Incomplete,Incomplete,Incomplete,Complete,Incomplete,Incomplete,Incomplete,Incomplete,Incomplete,Incomplete,Incomplete,Incomplete,Incomplete,Incomplete,Incomplete,Incomplete,Incomplete,Incomplete,Incomplete,Incomplete,Incomplete,Incomplete,Incomplete,Incomplete,Incomplete,Complete,Incomplete,Incomplete,Incomplete,Complete,Incomplete,Incomplete,Incomplete,Incomplete,Incomplete,Incomplete,Incomplete,Incomplete,Incomplete,Incomplete,1 block missing,Incomplete,Incomplete,Incomplete
"M00166 | Reductive pentose phosphate cycle, ribulose-5P -> glyceraldehyde-3P",Complete,Complete,Complete,Complete,Complete,Complete,Complete,Complete,Complete,Complete,Complete,Complete,Complete,Complete,Complete,Complete,Complete,Complete,Complete,Complete,Incomplete,1 block missing,Incomplete,Incomplete,Incomplete,Incomplete,1 block missing,1 block missing,Incomplete,1 block missing,Incomplete,1 block missing,Incomplete,Incomplete,Incomplete,Incomplete,1 block missing,Incomplete,Incomplete,1 block missing,1 block missing,Incomplete,Incomplete,1 block missing,1 block missing,Incomplete,Complete,1 block missing,Incomplete,Incomplete,Incomplete,Incomplete,1 block missing,Incomplete,Incomplete,Incomplete,Incomplete,Incomplete,1 block missing,1 block missing,Incomplete,Incomplete,1 block missing,Incomplete,Incomplete,1 block missing,1 block missing,Incomplete,Complete,1 block missing,1 block missing,1 block missing,Complete,1 block missing,Incomplete,Incomplete,Incomplete,Incomplete,Incomplete,Incomplete,Incomplete,Incomplete,Incomplete,1 block missing,1 block missing,Incomplete,Complete
M00376 | 3-Hydroxypropionate bi-cycle,Incomplete,Incomplete,Incomplete,Incomplete,Incomplete,Incomplete,Incomplete,Incomplete,Incomplete,Incomplete,Incomplete,Incomplete,Incomplete,Incomplete,Incomplete,Incomplete,Incomplete,Incomplete,Incomplete,Incomplete,Incomplete,Complete,Incomplete,Incomplete,Incomplete,Incomplete,Incomplete,1 block missing,Incomplete,1 block missing,Incomplete,Incomplete,Incomplete,Incomplete,Incomplete,Incomplete,Complete,Incomplete,Incomplete,Incomplete,1 block missing,Incomplete,Incomplete,Incomplete,Incomplete,Incomplete,Complete,1 block missing,Incomplete,Incomplete,Incomplete,Incomplete,Incomplete,Incomplete,Incomplete,Incomplete,Incomplete,Incomplete,Complete,Incomplete,Incomplete,Incomplete,Incomplete,Incomplete,Incomplete,Incomplete,Incomplete,Incomplete,Complete,Complete,Incomplete,1 block missing,Complete,Incomplete,Incomplete,Incomplete,Incomplete,Incomplete,Incomplete,Incomplete,Incomplete,Incomplete,Incomplete,Complete,1 block missing,Incomplete,Incomplete
M00377 | Reductive acetyl-CoA pathway (Wood-Ljungdahl pathway),Incomplete,Incomplete,Incomplete,Incomplete,Incomplete,Incomplete,Incomplete,Incomplete,Incomplete,Incomplete,Incomplete,Incomplete,Incomplete,Incomplete,Incomplete,Incomplete,Incomplete,Incomplete,Incomplete,Incomplete,Incomplete,Incomplete,Incomplete,Incomplete,Incomplete,Incomplete,Incomplete,Complete,Complete,Complete,Incomplete,Complete,Incomplete,Complete,Incomplete,Complete,1 block missing,Incomplete,Incomplete,Complete,Complete,Incomplete,Incomplete,Incomplete,Incomplete,Incomplete,Complete,Incomplete,Complete,Incomplete,Incomplete,Complete,Incomplete,Incomplete,Complete,Incomplete,Incomplete,Incomplete,Complete,Incomplete,Incomplete,Incomplete,Incomplete,Complete,Incomplete,Complete,Incomplete,Incomplete,Complete,1 block missing,Incomplete,Complete,1 block missing,Incomplete,Incomplete,Incomplete,Incomplete,Incomplete,Incomplete,Incomplete,Incomplete,Incomplete,Complete,Complete,1 block missing,Incomplete,Complete
"M00422 | Acetyl-CoA pathway, CO2 -> acetyl-CoA",Complete,1 block missing,1 block missing,1 block missing,Incomplete,1 block missing,1 block missing,Incomplete,Incomplete,Incomplete,Complete,Complete,1 block missing,1 block missing,Incomplete,Incomplete,1 block missing,1 block missing,1 block missing,Complete,Incomplete,Incomplete,Incomplete,Incomplete,1 block missing,Incomplete,Incomplete,1 block missing,Complete,Complete,Incomplete,Incomplete,Incomplete,Complete,Incomplete,Complete,Incomplete,Incomplete,Incomplete,Complete,Complete,Incomplete,Incomplete,Incomplete,Incomplete,Incomplete,1 block missing,Incomplete,Complete,Incomplete,Incomplete,Incomplete,Incomplete,Incomplete,Complete,Incomplete,Incomplete,Incomplete,Incomplete,Incomplete,Incomplete,Incomplete,Incomplete,Complete,Incomplete,Complete,Incomplete,Incomplete,Complete,Incomplete,Incomplete,Complete,Incomplete,Incomplete,Incomplete,Incomplete,Incomplete,Incomplete,Incomplete,Incomplete,Incomplete,Incomplete,Complete,Complete,Incomplete,Incomplete,Complete
"M00579 | Phosphate acetyltransferase-acetate kinase pathway, acetyl-CoA -> acetate",Complete,Complete,Complete,Complete,Complete,Complete,Complete,Complete,Complete,Complete,Complete,Complete,Complete,Complete,Complete,Complete,Complete,Complete,Complete,Complete,Incomplete,Complete,Incomplete,Incomplete,1 block missing,Incomplete,Incomplete,Complete,Complete,Complete,Incomplete,Complete,Incomplete,Complete,Incomplete,1 block missing,Complete,Incomplete,Incomplete,1 block missing,Complete,Incomplete,Incomplete,Complete,Complete,Incomplete,Complete,Complete,Complete,Incomplete,Incomplete,1 block missing,1 block missing,Incomplete,1 block missing,Incomplete,Incomplete,Incomplete,Complete,Incomplete,Incomplete,Incomplete,Complete,Complete,Incomplete,Complete,Incomplete,Incomplete,Complete,Complete,Incomplete,Complete,Complete,1 block missing,Incomplete,Incomplete,Incomplete,Incomplete,Incomplete,Incomplete,Incomplete,1 block missing,Complete,Complete,Complete,Incomplete,Complete
M00618 | Acetogen,Incomplete,Incomplete,Incomplete,Incomplete,Incomplete,Incomplete,Incomplete,Incomplete,Incomplete,Incomplete,Incomplete,Incomplete,Incomplete,Incomplete,Incomplete,Incomplete,Incomplete,Incomplete,Incomplete,Incomplete,Incomplete,Incomplete,Incomplete,Incomplete,Incomplete,Incomplete,Incomplete,Complete,Complete,Complete,Incomplete,Complete,Incomplete,Complete,Incomplete,1 block missing,1 block missing,Incomplete,Incomplete,1 block missing,Complete,Incomplete,Incomplete,Incomplete,Incomplete,Incomplete,Complete,Incomplete,Complete,Incomplete,Incomplete,1 block missing,Incomplete,Incomplete,1 block missing,Incomplete,Incomplete,Incomplete,Complete,Incomplete,Incomplete,Incomplete,Incomplete,Complete,Incomplete,Complete,Incomplete,Incomplete,Complete,1 block missing,Incomplete,Complete,1 block missing,Incomplete,Incomplete,Incomplete,Incomplete,Incomplete,Incomplete,Incomplete,Incomplete,Incomplete,Complete,Complete,1 block missing,Incomplete,Complete
"M00620 | Incomplete reductive citrate cycle, acetyl-CoA -> oxoglutarate",Incomplete,Incomplete,1 block missing,1 block missing,1 block missing,Incomplete,Incomplete,Incomplete,Incomplete,1 block missing,1 block missing,1 block missing,1 block missing,1 block missing,Incomplete,1 block missing,Incomplete,1 block missing,Incomplete,1 block missing,Incomplete,Complete,Incomplete,Incomplete,Incomplete,Incomplete,Incomplete,Complete,Complete,Complete,Incomplete,Incomplete,Incomplete,Complete,Incomplete,Complete,Incomplete,Incomplete,Incomplete,Complete,Complete,Incomplete,Incomplete,Incomplete,1 block missing,Incomplete,1 block missing,1 block missing,Complete,Incomplete,Incomplete,Complete,Incomplete,Incomplete,Complete,Incomplete,Incomplete,Incomplete,1 block missing,Incomplete,Incomplete,Incomplete,Incomplete,Complete,Incomplete,1 block missing,Incomplete,Incomplete,Complete,1 block missing,Incomplete,1 block missing,Incomplete,Incomplete,Incomplete,Incomplete,Incomplete,Incomplete,Incomplete,Incomplete,Incomplete,Incomplete,Complete,Complete,1 block missing,Incomplete,Complete
"M00174 | Methane oxidation, methanotroph, methane -> formaldehyde",Incomplete,Incomplete,Incomplete,Incomplete,Incomplete,Incomplete,Incomplete,Incomplete,Incomplete,Incomplete,Incomplete,Incomplete,Incomplete,Incomplete,Incomplete,Incomplete,Incomplete,Incomplete,Incomplete,Incomplete,Incomplete,Incomplete,Incomplete,Incomplete,Incomplete,Incomplete,Incomplete,Incomplete,Incomplete,1 block missing,Incomplete,Incomplete,Incomplete,Incomplete,Incomplete,Incomplete,Incomplete,Incomplete,Incomplete,Incomplete,Incomplete,Incomplete,Incomplete,Incomplete,Incomplete,Incomplete,1 block missing,Incomplete,Incomplete,Incomplete,Incomplete,Incomplete,Incomplete,Incomplete,Incomplete,Incomplete,Incomplete,Incomplete,Incomplete,Incomplete,Incomplete,Incomplete,Incomplete,Incomplete,Incomplete,1 block missing,Incomplete,Incomplete,Incomplete,Incomplete,Incomplete,Complete,Incomplete,Incomplete,Incomplete,Incomplete,Incomplete,Incomplete,Incomplete,Incomplete,Incomplete,Incomplete,Incomplete,Incomplete,Incomplete,Incomplete,Incomplete
M00358 | Coenzyme M biosynthesis,1 block missing,1 block missing,1 block missing,1 block missing,1 block missing,1 block missing,1 block missing,Incomplete,1 block missing,1 block missing,1 block missing,1 block missing,1 block missing,1 block missing,1 block missing,1 block missing,Incomplete,1 block missing,1 block missing,1 block missing,Incomplete,Complete,Incomplete,Incomplete,1 block missing,Incomplete,Incomplete,Complete,Complete,Complete,Incomplete,1 block missing,Incomplete,Complete,Incomplete,Complete,Complete,Incomplete,Incomplete,1 block missing,Complete,Incomplete,Incomplete,Incomplete,Complete,Incomplete,Complete,Complete,Complete,Incomplete,Incomplete,Complete,Incomplete,Incomplete,Complete,Incomplete,Incomplete,Incomplete,Complete,1 block missing,Incomplete,Incomplete,Complete,Complete,Incomplete,1 block missing,Incomplete,Incomplete,Complete,Complete,Incomplete,Complete,Complete,Incomplete,Incomplete,Incomplete,Incomplete,Incomplete,Incomplete,Incomplete,Incomplete,Incomplete,Complete,Complete,Complete,Incomplete,Complete
M00378 | F420 biosynthesis,Complete,1 block missing,1 block missing,1 block missing,1 block missing,1 block missing,Complete,1 block missing,Complete,Complete,Complete,Complete,1 block missing,Complete,Incomplete,Incomplete,1 block missing,Complete,1 block missing,Complete,Incomplete,1 block missing,Incomplete,Incomplete,Incomplete,Incomplete,Incomplete,Complete,Complete,Complete,Incomplete,1 block missing,Incomplete,Complete,Incomplete,Complete,Complete,Incomplete,Incomplete,Complete,Complete,Incomplete,Incomplete,Complete,1 block missing,Incomplete,Complete,1 block missing,Complete,Incomplete,Incomplete,1 block missing,Incomplete,Incomplete,Complete,Incomplete,Incomplete,Incomplete,Complete,Incomplete,Incomplete,Incomplete,1 block missing,Complete,Incomplete,Complete,Incomplete,Incomplete,Complete,Complete,Incomplete,Complete,Complete,Incomplete,Incomplete,Incomplete,Incomplete,Incomplete,Incomplete,Incomplete,Incomplete,Incomplete,Complete,Complete,Complete,Incomplete,Complete
"M00021 | Cysteine biosynthesis, serine -> cysteine",Complete,Complete,Complete,Complete,Complete,Complete,Complete,Complete,Complete,Complete,Complete,Complete,Complete,Complete,Complete,Complete,1 block missing,Complete,Complete,Complete,Incomplete,Incomplete,Incomplete,Incomplete,Incomplete,Incomplete,Incomplete,Incomplete,Incomplete,Incomplete,Incomplete,Incomplete,Incomplete,Incomplete,Incomplete,Incomplete,Incomplete,Incomplete,Incomplete,Incomplete,Incomplete,Incomplete,Incomplete,Incomplete,Incomplete,Incomplete,Incomplete,Incomplete,Incomplete,Incomplete,Incomplete,Incomplete,Incomplete,Incomplete,Incomplete,Incomplete,Incomplete,Incomplete,Incomplete,Incomplete,Incomplete,Incomplete,Incomplete,Incomplete,Incomplete,Incomplete,Incomplete,Incomplete,Incomplete,Incomplete,Incomplete,Incomplete,Incomplete,Incomplete,Incomplete,Incomplete,Incomplete,Incomplete,Incomplete,Incomplete,Incomplete,Incomplete,Incomplete,Incomplete,Incomplete,Incomplete,Incomplete
"M00176 | Assimilatory sulfate reduction, sulfate -> H2S",Complete,Complete,1 block missing,Complete,1 block missing,Complete,1 block missing,1 block missing,Complete,1 block missing,1 block missing,1 block missing,Complete,1 block missing,Complete,Complete,Incomplete,1 block missing,1 block missing,1 block missing,Incomplete,Complete,Incomplete,Incomplete,1 block missing,Incomplete,Incomplete,Complete,Complete,Complete,Incomplete,1 block missing,Incomplete,Complete,Incomplete,1 block missing,Complete,Incomplete,Incomplete,1 block missing,Complete,Incomplete,Incomplete,1 block missing,1 block missing,Incomplete,Complete,Complete,Complete,Incomplete,Incomplete,1 block missing,Complete,Incomplete,1 block missing,Incomplete,Incomplete,Incomplete,Complete,Complete,Incomplete,Incomplete,1 block missing,Complete,Incomplete,Complete,1 block missing,Incomplete,Complete,Complete,Incomplete,Complete,Complete,Complete,Incomplete,Incomplete,Incomplete,Incomplete,Incomplete,Incomplete,Incomplete,1 block missing,Complete,Complete,Complete,Incomplete,Complete
"M00338 | Cysteine biosynthesis, homocysteine + serine -> cysteine",Complete,Complete,1 block missing,Complete,1 block missing,Complete,Complete,Complete,Complete,Complete,1 block missing,1 block missing,Complete,Complete,Complete,Complete,Complete,Complete,Complete,Complete,Incomplete,1 block missing,Incomplete,1 block missing,1 block missing,Incomplete,Incomplete,1 block missing,Complete,1 block missing,1 block missing,1 block missing,Incomplete,Complete,1 block missing,Complete,1 block missing,1 block missing,1 block missing,Complete,1 block missing,Incomplete,Incomplete,1 block missing,1 block missing,Incomplete,1 block missing,1 block missing,1 block missing,Incomplete,Incomplete,1 block missing,1 block missing,Incomplete,Complete,Incomplete,Incomplete,Incomplete,1 block missing,1 block missing,Incomplete,1 block missing,1 block missing,Complete,Incomplete,Complete,1 block missing,Incomplete,1 block missing,1 block missing,1 block missing,1 block missing,1 block missing,Complete,Incomplete,Incomplete,Incomplete,Incomplete,1 block missing,Incomplete,1 block missing,Incomplete,Complete,1 block missing,1 block missing,Incomplete,1 block missing
"M00596 | Dissimilatory sulfate reduction, sulfate -> H2S",Incomplete,Incomplete,Incomplete,Incomplete,Incomplete,Incomplete,Incomplete,Incomplete,Incomplete,Incomplete,Incomplete,Incomplete,Incomplete,Incomplete,Incomplete,Incomplete,Incomplete,Incomplete,Incomplete,Incomplete,Incomplete,Complete,Incomplete,Incomplete,Complete,Incomplete,Incomplete,Complete,Complete,Complete,Incomplete,Complete,Incomplete,Complete,Incomplete,Complete,Complete,Incomplete,Incomplete,Complete,Complete,Incomplete,Incomplete,Incomplete,Complete,Incomplete,Complete,Complete,Complete,Incomplete,Incomplete,Complete,Incomplete,Incomplete,Complete,Incomplete,Incomplete,Incomplete,Complete,Complete,Incomplete,Incomplete,Complete,Complete,Incomplete,Complete,Incomplete,Incomplete,Complete,1 block missing,1 block missing,Complete,Complete,Complete,Incomplete,Incomplete,Incomplete,Incomplete,Incomplete,Incomplete,Incomplete,Incomplete,Complete,Complete,Complete,Incomplete,Complete
"M00609 | Cysteine biosynthesis, methionine -> cysteine",Incomplete,Incomplete,Incomplete,Incomplete,Incomplete,Incomplete,Incomplete,Incomplete,Incomplete,Incomplete,Incomplete,Incomplete,Incomplete,Incomplete,Incomplete,Incomplete,Incomplete,Incomplete,Incomplete,Incomplete,Incomplete,Incomplete,Incomplete,Incomplete,Incomplete,Incomplete,Incomplete,1 block missing,1 block missing,1 block missing,Incomplete,Incomplete,Incomplete,Incomplete,Incomplete,1 block missing,Complete,Incomplete,Incomplete,Incomplete,1 block missing,Incomplete,Incomplete,Incomplete,Incomplete,Incomplete,Incomplete,1 block missing,1 block missing,Incomplete,Incomplete,Incomplete,Incomplete,Incomplete,Incomplete,Incomplete,Incomplete,Incomplete,Complete,Incomplete,Incomplete,Incomplete,Incomplete,Incomplete,Incomplete,1 block missing,Incomplete,Incomplete,1 block missing,Complete,Incomplete,Incomplete,Complete,Incomplete,Incomplete,Incomplete,Incomplete,Incomplete,Incomplete,Incomplete,Incomplete,Incomplete,1 block missing,1 block missing,Incomplete,Incomplete,1 block missing
M00616 | Sulfate-sulfur assimilation,Complete,Complete,Incomplete,Complete,Incomplete,Complete,1 block missing,Incomplete,1 block missing,1 block missing,Incomplete,1 block missing,1 block missing,Incomplete,1 block missing,1 block missing,Incomplete,1 block missing,Incomplete,Incomplete,Incomplete,1 block missing,Incomplete,Incomplete,Incomplete,Incomplete,Incomplete,1 block missing,Incomplete,1 block missing,Incomplete,Incomplete,Incomplete,1 block missing,Incomplete,Incomplete,1 block missing,Incomplete,Incomplete,Incomplete,1 block missing,Incomplete,Incomplete,Incomplete,Incomplete,Incomplete,1 block missing,1 block missing,1 block missing,Incomplete,Incomplete,Incomplete,Incomplete,Incomplete,Incomplete,Incomplete,Incomplete,Incomplete,1 block missing,Incomplete,Incomplete,Incomplete,Incomplete,Incomplete,Incomplete,Incomplete,Incomplete,Incomplete,1 block missing,1 block missing,Incomplete,Incomplete,1 block missing,Incomplete,Incomplete,Incomplete,Incomplete,Incomplete,Incomplete,Incomplete,Incomplete,Incomplete,Incomplete,1 block missing,1 block missing,Incomplete,Incomplete
M00161 | Photosystem II,1 block missing,1 block missing,1 block missing,1 block missing,1 block missing,1 block missing,1 block missing,1 block missing,Complete,1 block missing,1 block missing,1 block missing,1 block missing,1 block missing,1 block missing,1 block missing,1 block missing,1 block missing,1 block missing,1 block missing,Incomplete,Incomplete,Incomplete,Incomplete,Incomplete,1 block missing,Complete,Incomplete,Incomplete,Incomplete,Incomplete,Incomplete,Incomplete,Incomplete,Incomplete,Incomplete,Complete,Incomplete,Incomplete,Incomplete,Incomplete,Incomplete,Incomplete,Complete,1 block missing,Incomplete,Incomplete,Incomplete,Incomplete,Incomplete,Incomplete,Incomplete,Complete,Incomplete,Incomplete,Incomplete,Incomplete,Incomplete,Complete,1 block missing,Incomplete,Incomplete,Incomplete,Incomplete,1 block missing,Incomplete,Incomplete,Incomplete,Incomplete,Complete,Incomplete,Incomplete,Complete,Incomplete,Incomplete,Incomplete,Incomplete,Incomplete,Incomplete,Incomplete,Incomplete,Incomplete,Incomplete,Incomplete,Incomplete,Incomplete,Incomplete
M00162 | Cytochrome b6f complex,1 block missing,1 block missing,1 block missing,1 block missing,1 block missing,1 block missing,1 block missing,1 block missing,1 block missing,1 block missing,1 block missing,1 block missing,1 block missing,1 block missing,1 block missing,1 block missing,1 block missing,1 block missing,1 block missing,1 block missing,Incomplete,Incomplete,Incomplete,Incomplete,Incomplete,Incomplete,Incomplete,Incomplete,Incomplete,Incomplete,Incomplete,Incomplete,Incomplete,Incomplete,Incomplete,Incomplete,Complete,Incomplete,Incomplete,Incomplete,Incomplete,Incomplete,Incomplete,Complete,Incomplete,Incomplete,Incomplete,Incomplete,Incomplete,Incomplete,Incomplete,Incomplete,Incomplete,Incomplete,Incomplete,Incomplete,Incomplete,Incomplete,Complete,Incomplete,Incomplete,Incomplete,Incomplete,Incomplete,Incomplete,Incomplete,Incomplete,Incomplete,Incomplete,Complete,Incomplete,Incomplete,Complete,Incomplete,Incomplete,Incomplete,Incomplete,Incomplete,Incomplete,Incomplete,Incomplete,Incomplete,Incomplete,Incomplete,Incomplete,Incomplete,Incomplete
M00163 | Photosystem I,1 block missing,1 block missing,1 block missing,1 block missing,1 block missing,1 block missing,1 block missing,1 block missing,Complete,1 block missing,1 block missing,1 block missing,1 block missing,1 block missing,1 block missing,1 block missing,1 block missing,1 block missing,1 block missing,1 block missing,Incomplete,Incomplete,Incomplete,Incomplete,Incomplete,Incomplete,1 block missing,Incomplete,Incomplete,Incomplete,Incomplete,Incomplete,Incomplete,Incomplete,Incomplete,Incomplete,Complete,Incomplete,Incomplete,Incomplete,Incomplete,Incomplete,Incomplete,Complete,Incomplete,Incomplete,Incomplete,Incomplete,Incomplete,Incomplete,Incomplete,Incomplete,Complete,Incomplete,Incomplete,Incomplete,Incomplete,Incomplete,Complete,Incomplete,Incomplete,Incomplete,Incomplete,Incomplete,Incomplete,Incomplete,Incomplete,Incomplete,Incomplete,Complete,Incomplete,Incomplete,Complete,Incomplete,Incomplete,Incomplete,Incomplete,Incomplete,Incomplete,Incomplete,Incomplete,Incomplete,Incomplete,Incomplete,Incomplete,Incomplete,Incomplete
M00597 | Anoxygenic photosystem II,1 block missing,1 block missing,1 block missing,1 block missing,1 block missing,1 block missing,1 block missing,1 block missing,1 block missing,1 block missing,1 block missing,1 block missing,1 block missing,1 block missing,1 block missing,1 block missing,1 block missing,1 block missing,1 block missing,1 block missing,Incomplete,Complete,Incomplete,Incomplete,Incomplete,Incomplete,Incomplete,Incomplete,Incomplete,Complete,Incomplete,Incomplete,Incomplete,Incomplete,Incomplete,Incomplete,Complete,Incomplete,Incomplete,Incomplete,Complete,Complete,Incomplete,Complete,Complete,Incomplete,Complete,Complete,Incomplete,Incomplete,Incomplete,Incomplete,Complete,Incomplete,Incomplete,Incomplete,Incomplete,Incomplete,Complete,Complete,Incomplete,Incomplete,Complete,Incomplete,Incomplete,Incomplete,Complete,Incomplete,Complete,Complete,Incomplete,Incomplete,Complete,Incomplete,Incomplete,Incomplete,Incomplete,Incomplete,Incomplete,Incomplete,Incomplete,Incomplete,Incomplete,Complete,Incomplete,Incomplete,Incomplete
M00598 | Anoxygenic photosystem I,1 block missing,1 block missing,1 block missing,1 block missing,1 block missing,1 block missing,1 block missing,1 block missing,1 block missing,1 block missing,1 block missing,1 block missing,1 block missing,1 block missing,1 block missing,1 block missing,1 block missing,1 block missing,1 block missing,1 block missing,Incomplete,Incomplete,Incomplete,Incomplete,Incomplete,Incomplete,Incomplete,Incomplete,Incomplete,Complete,Incomplete,Incomplete,Incomplete,Incomplete,Incomplete,Incomplete,Incomplete,Incomplete,Incomplete,Incomplete,Complete,Incomplete,Incomplete,Incomplete,Incomplete,Incomplete,Complete,Incomplete,Incomplete,Incomplete,Incomplete,Incomplete,Incomplete,Incomplete,Incomplete,Incomplete,Incomplete,Incomplete,Incomplete,Incomplete,Incomplete,Incomplete,Incomplete,Incomplete,Incomplete,Incomplete,Incomplete,Incomplete,Complete,Incomplete,Incomplete,Incomplete,1 block missing,Incomplete,Incomplete,Incomplete,Incomplete,Incomplete,Incomplete,Incomplete,Incomplete,Incomplete,Incomplete,Complete,Incomplete,Incomplete,Incomplete
M00611 | Oxygenic photosynthesis in plants and cyanobacteria,1 block missing,1 block missing,Incomplete,Incomplete,1 block missing,Incomplete,Incomplete,1 block missing,Complete,Incomplete,Incomplete,Incomplete,1 block missing,Incomplete,1 block missing,Incomplete,Incomplete,Incomplete,Incomplete,Incomplete,Incomplete,Incomplete,Incomplete,Incomplete,Incomplete,Incomplete,Incomplete,Incomplete,Incomplete,Incomplete,Incomplete,Incomplete,Incomplete,Incomplete,Incomplete,Incomplete,Incomplete,Incomplete,Incomplete,Incomplete,Incomplete,Incomplete,Incomplete,Incomplete,Incomplete,Incomplete,Incomplete,Incomplete,Incomplete,Incomplete,Incomplete,Incomplete,Incomplete,Incomplete,Incomplete,Incomplete,Incomplete,Incomplete,Incomplete,Incomplete,Incomplete,Incomplete,Incomplete,Incomplete,Incomplete,Incomplete,Incomplete,Incomplete,Incomplete,Incomplete,Incomplete,Incomplete,Complete,Incomplete,Incomplete,Incomplete,Incomplete,Incomplete,Incomplete,Incomplete,Incomplete,Incomplete,Incomplete,Incomplete,Incomplete,Incomplete,Incomplete
M00612 | Anoxygenic photosynthesis in purple bacteria,1 block missing,1 block missing,Incomplete,Incomplete,1 block missing,Incomplete,Incomplete,1 block missing,1 block missing,Incomplete,Incomplete,Incomplete,1 block missing,Incomplete,1 block missing,Incomplete,Incomplete,Incomplete,Incomplete,Incomplete,Incomplete,Incomplete,Incomplete,Incomplete,Incomplete,Incomplete,Incomplete,Incomplete,Incomplete,Incomplete,Incomplete,Incomplete,Incomplete,Incomplete,Incomplete,Incomplete,Incomplete,Incomplete,Incomplete,Incomplete,1 block missing,Incomplete,Incomplete,Incomplete,Incomplete,Incomplete,Complete,Incomplete,Incomplete,Incomplete,Incomplete,Incomplete,Incomplete,Incomplete,Incomplete,Incomplete,Incomplete,Incomplete,Incomplete,Incomplete,Incomplete,Incomplete,Incomplete,Incomplete,Incomplete,Incomplete,Incomplete,Incomplete,Complete,Incomplete,Incomplete,Incomplete,Complete,Incomplete,Incomplete,Incomplete,Incomplete,Incomplete,Incomplete,Incomplete,Incomplete,Incomplete,Incomplete,1 block missing,Incomplete,Incomplete,Incomplete
M00613 | Anoxygenic photosynthesis in green nonsulfur bacteria,Incomplete,Incomplete,Incomplete,Incomplete,Incomplete,Incomplete,Incomplete,Incomplete,Incomplete,Incomplete,Incomplete,Incomplete,Incomplete,Incomplete,Incomplete,Incomplete,Incomplete,Incomplete,Incomplete,Incomplete,Incomplete,Complete,Incomplete,Incomplete,Incomplete,Incomplete,Incomplete,Incomplete,Incomplete,1 block missing,Incomplete,Incomplete,Incomplete,Incomplete,Incomplete,Incomplete,Complete,Incomplete,Incomplete,Incomplete,1 block missing,Incomplete,Incomplete,Incomplete,Incomplete,Incomplete,Complete,1 block missing,Incomplete,Incomplete,Incomplete,Incomplete,Incomplete,Incomplete,Incomplete,Incomplete,Incomplete,Incomplete,Complete,Incomplete,Incomplete,Incomplete,Incomplete,Incomplete,Incomplete,Incomplete,Incomplete,Incomplete,Complete,Complete,Incomplete,Incomplete,Complete,Incomplete,Incomplete,Incomplete,Incomplete,Incomplete,Incomplete,Incomplete,Incomplete,Incomplete,Incomplete,Complete,Incomplete,Incomplete,Incomplete
"M00121 | Heme biosynthesis, plants and bacteria, glutamate -> heme",Complete,Complete,Incomplete,Complete,Complete,Complete,Complete,1 block missing,Complete,Complete,1 block missing,Complete,Complete,Complete,1 block missing,Complete,1 block missing,1 block missing,1 block missing,1 block missing,Incomplete,1 block missing,Incomplete,Incomplete,Incomplete,Incomplete,Incomplete,Complete,Incomplete,Complete,Incomplete,1 block missing,Incomplete,Incomplete,Incomplete,Incomplete,Complete,Incomplete,Incomplete,1 block missing,Complete,Incomplete,Incomplete,1 block missing,1 block missing,Incomplete,1 block missing,1 block missing,Incomplete,Incomplete,Incomplete,Incomplete,Incomplete,Incomplete,Incomplete,Incomplete,Incomplete,Incomplete,Complete,Incomplete,Incomplete,Incomplete,1 block missing,Incomplete,Incomplete,1 block missing,Incomplete,Incomplete,Complete,Complete,Incomplete,1 block missing,Complete,1 block missing,Incomplete,Incomplete,Incomplete,Incomplete,Incomplete,Incomplete,Incomplete,Incomplete,Incomplete,1 block missing,1 block missing,Incomplete,1 block missing
"M00144 | NADH:quinone oxidoreductase, prokaryotes",Complete,Complete,1 block missing,1 block missing,Complete,1 block missing,1 block missing,1 block missing,Complete,1 block missing,Complete,Complete,1 block missing,1 block missing,Complete,Complete,1 block missing,Complete,1 block missing,Complete,Incomplete,Incomplete,Incomplete,Incomplete,1 block missing,Incomplete,Incomplete,1 block missing,1 block missing,1 block missing,Incomplete,1 block missing,Incomplete,1 block missing,Incomplete,Complete,1 block missing,Incomplete,Incomplete,1 block missing,1 block missing,Incomplete,Incomplete,Incomplete,Incomplete,Incomplete,1 block missing,1 block missing,1 block missing,Incomplete,Incomplete,1 block missing,Incomplete,Incomplete,1 block missing,Incomplete,Incomplete,Incomplete,1 block missing,Incomplete,Incomplete,Incomplete,1 block missing,1 block missing,Incomplete,1 block missing,Incomplete,Incomplete,1 block missing,1 block missing,Incomplete,1 block missing,1 block missing,Incomplete,Incomplete,Incomplete,Incomplete,Incomplete,Incomplete,Incomplete,Incomplete,Incomplete,Complete,1 block missing,Incomplete,Incomplete,1 block missing
M00151 | Cytochrome bc1 complex respiratory unit,Complete,Complete,1 block missing,Complete,1 block missing,Complete,1 block missing,1 block missing,Complete,1 block missing,1 block missing,1 block missing,1 block missing,1 block missing,Complete,1 block missing,1 block missing,1 block missing,1 block missing,1 block missing,Incomplete,Complete,Incomplete,Incomplete,Incomplete,Incomplete,Incomplete,Complete,Incomplete,Complete,Incomplete,Complete,Incomplete,Incomplete,Incomplete,Incomplete,Complete,Incomplete,Incomplete,Incomplete,Complete,Incomplete,Incomplete,Incomplete,Complete,Incomplete,Complete,Complete,Incomplete,Incomplete,Incomplete,Incomplete,Complete,Incomplete,Incomplete,Incomplete,Incomplete,Incomplete,Complete,1 block missing,Incomplete,Incomplete,1 block missing,Incomplete,Incomplete,1 block missing,Incomplete,Incomplete,Complete,Complete,Incomplete,Complete,Complete,Incomplete,Incomplete,Incomplete,Incomplete,Incomplete,Incomplete,Incomplete,Incomplete,Incomplete,Incomplete,1 block missing,Complete,Incomplete,Incomplete
"M00155 | Cytochrome c oxidase, prokaryotes",Complete,Complete,1 block missing,Complete,Complete,Complete,Complete,Complete,Complete,Complete,Complete,Complete,Complete,1 block missing,Complete,1 block missing,Complete,Complete,Complete,1 block missing,Incomplete,Complete,Incomplete,Incomplete,1 block missing,Incomplete,Incomplete,Complete,Incomplete,Complete,1 block missing,Complete,Incomplete,Complete,Incomplete,1 block missing,Complete,Incomplete,1 block missing,Complete,Complete,Incomplete,Incomplete,Complete,Complete,Incomplete,Complete,Complete,1 block missing,Incomplete,Incomplete,Complete,1 block missing,Incomplete,Complete,Incomplete,Incomplete,Incomplete,Complete,1 block missing,Incomplete,1 block missing,Complete,1 block missing,Incomplete,Complete,Incomplete,Incomplete,Complete,Complete,Incomplete,Complete,Complete,Complete,Incomplete,Incomplete,Incomplete,Incomplete,Incomplete,1 block missing,Incomplete,1 block missing,1 block missing,Complete,Complete,Incomplete,Complete
"M00156 | Cytochrome c oxidase, cbb3-type",1 block missing,1 block missing,1 block missing,1 block missing,1 block missing,1 block missing,1 block missing,1 block missing,1 block missing,1 block missing,1 block missing,1 block missing,1 block missing,1 block missing,1 block missing,1 block missing,1 block missing,1 block missing,1 block missing,1 block missing,Incomplete,Complete,Incomplete,Incomplete,Complete,1 block missing,Incomplete,Complete,1 block missing,Complete,Incomplete,Complete,Incomplete,Incomplete,Incomplete,Incomplete,Complete,Incomplete,Incomplete,Complete,Complete,1 block missing,Incomplete,Complete,Complete,Incomplete,Complete,Complete,Incomplete,Incomplete,Incomplete,Complete,1 block missing,Incomplete,Incomplete,Incomplete,Incomplete,Incomplete,Complete,Complete,Incomplete,Incomplete,Complete,1 block missing,Incomplete,Complete,Complete,Incomplete,Complete,Complete,1 block missing,Complete,Complete,Complete,Incomplete,Incomplete,Incomplete,Incomplete,Incomplete,1 block missing,Incomplete,Complete,Incomplete,Complete,Complete,Incomplete,Complete
"M00847 | Heme biosynthesis, archaea, siroheme -> heme",Incomplete,Incomplete,Incomplete,Incomplete,Incomplete,Incomplete,Incomplete,Incomplete,Incomplete,Incomplete,Incomplete,Incomplete,Incomplete,Incomplete,Incomplete,Incomplete,Incomplete,Incomplete,Incomplete,Incomplete,Incomplete,Incomplete,Incomplete,Incomplete,Incomplete,Incomplete,Incomplete,Incomplete,Incomplete,Incomplete,Incomplete,Incomplete,Incomplete,Incomplete,Incomplete,Incomplete,Incomplete,Incomplete,Incomplete,Incomplete,Incomplete,Incomplete,Incomplete,Incomplete,Incomplete,Incomplete,Incomplete,Incomplete,Incomplete,Incomplete,Incomplete,Incomplete,Complete,Incomplete,Incomplete,Incomplete,Incomplete,Incomplete,Incomplete,Incomplete,Incomplete,Incomplete,Incomplete,Incomplete,Incomplete,Incomplete,Incomplete,Incomplete,Incomplete,Incomplete,Incomplete,Incomplete,Incomplete,Incomplete,Incomplete,Incomplete,Incomplete,Incomplete,Incomplete,Incomplete,Incomplete,Incomplete,Incomplete,Incomplete,Incomplete,Incomplete,Incomplete
"M00868 | Heme biosynthesis, animals and fungi, glycine -> heme",Incomplete,Complete,Incomplete,1 block missing,Incomplete,Incomplete,Incomplete,Incomplete,Complete,Incomplete,Incomplete,1 block missing,Incomplete,Incomplete,Incomplete,1 block missing,Incomplete,Incomplete,1 block missing,Incomplete,Incomplete,Complete,Incomplete,Incomplete,Complete,Incomplete,Incomplete,Complete,1 block missing,Complete,Incomplete,Complete,Incomplete,Incomplete,Incomplete,Incomplete,Complete,Incomplete,Incomplete,Complete,Complete,Complete,Incomplete,Complete,Complete,Incomplete,Complete,Complete,Incomplete,Incomplete,Incomplete,Complete,Complete,Incomplete,Incomplete,Incomplete,Incomplete,Incomplete,Complete,Complete,Incomplete,Incomplete,Complete,Incomplete,Incomplete,Complete,Complete,Incomplete,Complete,Complete,Complete,Complete,Complete,Complete,Incomplete,Incomplete,Incomplete,Incomplete,Incomplete,Incomplete,Incomplete,Incomplete,Incomplete,Complete,Complete,Incomplete,Complete
M00926 | Heme biosynthesis bacteria,Complete,Complete,Incomplete,Complete,1 block missing,1 block missing,1 block missing,Incomplete,1 block missing,1 block missing,1 block missing,1 block missing,Complete,1 block missing,Incomplete,1 block missing,1 block missing,1 block missing,1 block missing,1 block missing,1 block missing,Complete,Incomplete,1 block missing,1 block missing,Incomplete,Incomplete,Complete,Complete,Complete,Incomplete,Complete,1 block missing,1 block missing,1 block missing,1 block missing,Complete,1 block missing,1 block missing,Complete,Complete,Complete,Incomplete,Complete,Complete,1 block missing,Complete,Complete,1 block missing,Incomplete,Incomplete,Complete,Complete,Incomplete,Complete,1 block missing,Incomplete,1 block missing,Complete,Incomplete,1 block missing,1 block missing,Complete,Complete,Incomplete,Complete,1 block missing,Incomplete,Complete,Complete,Incomplete,Complete,Complete,Complete,Incomplete,Incomplete,1 block missing,Incomplete,1 block missing,Incomplete,Incomplete,Incomplete,1 block missing,Complete,Complete,Incomplete,Complete
