Short label,Original record identifier,Accession,Environmental group,Environment description,Sample type,Omics layer,Location,Project or source database
S65,3300038494,SRR359022,Richmond-AMD,"Acid mine drainage biofilm communities from Richmond mine site C75, Iron Mt, CA, USA - AMDC751110",Acid mine drainage,Metagenomics,"USA: Iron Mountain, California",PRJNA76185; Gs0129031; 3300038494
S37,3300038413,SRX9404295,Akron-AMD,"Lab enriched acid mine drainage microbial communities from Akron, Ohio, USA - WFPL2_21D",acid mine drainage,Metagenomics,"USA: Akron, Ohio",PRJNA650772; Gs0145645; 3300038413
S22,3300008567,SRR933584,Richmond-AMD,"Acid mine drainage (AMD) microbial communities of acidophilic biofilm from Richmond mine in California, USA - A-drift",Acid mine drainage,Metatranscriptomics,"USA: Richmond, California",PRJNA210320; Gs0117981; 3300008567
S4,3300030091,SRR359019,Richmond-AMD,"Acid mine drainage biofilm communities from Richmond mine site C75, Iron Mt, CA, USA - AMDC750608V3",Acid mine drainage,Metagenomics,"USA: Iron Mountain, California",PRJNA76185; Gs0129031; 3300030091
S15,3300023310,Not reported,Hydrothermal-Fe-mats,"Hydrothermal Fe-rich mat microbial community from Loihi Seamount, Hawaii, USA - 674-BM1-C3",Hydrothermal Fe-rich mat,Metagenomics,"USA: Loihi Seamount, Hawaii",Gs0133538; 3300023310
S30,3300046014,SRX30958252,Akron-AMD,"Metatranscriptome of lab enriched acid mine drainage microbial communities from Akron, Ohio, USA - WFPL1_14D (Metagenome Metatranscriptome)",acid mine drainage,Metatranscriptomics,"USA: Akron, Ohio",PRJNA1342058; Gs0145645; 3300046014
S2,3300055056,SRX31021849,Akron-AMD,"Metatranscriptome of lab enriched acid mine drainage microbial communities from Akron, Ohio, USA - PML3_0D (Metagenome Metatranscriptome)",acid mine drainage,Metatranscriptomics,"USA: Akron, Ohio",PRJNA1343333; Gs0145645; 3300055056
S64,3300010391,Not reported,Lake-Superior,"Freshwater sediment microbial communities from Lake Superior, USA - Station SU-17. Combined Assembly of Gp0155404, Gp0155335, Gp0155336, Gp0155336, Gp0155403, Gp0155406",Freshwater sediment,Combined assembly,"Lake Superior, USA",Gs0121509; 3300010391
S33,3300031898,SRX6422696,Lake-Towuti,"Freshwater sediment microbial communities from Lake Towuti, South Sulawesi, Indonesia - TDP7",sediment,Metagenomics,Indonesia: South Sulawesi,PRJNA539346; Gs0131992; 3300031898
S10,3300024300,SRX4480643,Lake-Matano,"Freshwater microbial communities from Lake Matano, South Sulawesi, Indonesia - Watercolumn_Matano_2014_102_MG",freshwater,Metagenomics,Indonesia: South Sulawesi,PRJNA468225; Gs0127566; 3300024300
S21,3300055061,SRX31021877,Akron-AMD,"Metatranscriptome of lab enriched acid mine drainage microbial communities from Akron, Ohio, USA - WFP1_0D (Metagenome Metatranscriptome)",acid mine drainage,Metatranscriptomics,"USA: Akron, Ohio",PRJNA1342022; Gs0145645; 3300055061
S40,3300023368,Not reported,Hydrothermal-Fe-mats,"Hydrothermal Fe-rich mat microbial community from Snakepit Site, Mid-Atlantic Ridge, Atlantic Ocean - 667-BS4",Hydrothermal Fe-rich mat,Metagenomics,"International: Snakepit Site, Mid-Atlantic Ridge",Gs0133538; 3300023368
S3,3300038487,SRR359021,Richmond-AMD,"Acid mine drainage biofilm communities from Richmond mine site C75, Iron Mt, CA, USA - AMDC750910",Acid mine drainage,Metagenomics,"USA: Iron Mountain, California",PRJNA76185; Gs0129031; 3300038487
S11,3300031593,SRX6422637,Lake-Towuti,"Freshwater sediment microbial communities from Lake Towuti, South Sulawesi, Indonesia - TDP2",sediment,Metagenomics,Indonesia: South Sulawesi,PRJNA539342; Gs0131992; 3300031593
S36,3300030082,SRR359002,Richmond-AMD,"Acid mine drainage biofilm communities from Richmond mine site C75, Iron Mt, CA, USA - AMDC750608V2",Acid mine drainage,Metagenomics,"USA: Iron Mountain, California",PRJNA76185; Gs0129031; 3300030082
S5,3300031604,SRX6422663,Lake-Towuti,"Freshwater sediment microbial communities from Lake Towuti, South Sulawesi, Indonesia - TDP4",sediment,Metagenomics,Indonesia: South Sulawesi,PRJNA539344; Gs0131992; 3300031604
S6,3300021518,"SRX4020276, SRX5645274",Lake-Towuti,"Freshwater sediment microbial communities from Lake Towuti, South Sulawesi, Indonesia - Balambano_FR1_MetaG",Freshwater sediment,Metagenomics,Indonesia: South Sulawesi,PRJNA439834; Gs0131992; 3300021518
S63,3300030398,SRR359020,Richmond-AMD,"Acid mine drainage biofilm communities from Richmond mine site C75, Iron Mt, CA, USA - AMDC751008V3",Acid mine drainage,Metagenomics,"USA: Iron Mountain, California",PRJNA76185; Gs0129031; 3300030398
S54,3300030242,SRR359030,Richmond-AMD,"Acid mine drainage biofilm communities from Richmond mine site AB20, Iron Mt, CA, USA - AMDAB200606DS3",Acid mine drainage,Metagenomics,"USA: Iron Mountain, California",PRJNA76185; Gs0129031; 3300030242
S52,3300023439,Not reported,Hydrothermal-Fe-mats,"Hydrothermal Fe-rich mat microbial community from TAG Site, Mid-Atlantic Ridge, Atlantic Ocean - 665-MMA12",Hydrothermal Fe-rich mat,Metagenomics,"International: TAG Site, Mid-Atlantic Ridge",Gs0133538; 3300023439
S12,3300024333,SRX4481743,Lake-Matano,"Freshwater microbial communities from Lake Matano, South Sulawesi, Indonesia - Watercolumn_Matano_2014_110_MG",freshwater,Metagenomics,Indonesia: South Sulawesi,PRJNA468227; Gs0127566; 3300024333
S39,3300039027,Not reported,Burr-Oak-BO4,"Lab enriched sediment microbial communities from Burr Oak Reservoir, Ohio, USA - BO4",Sediment,Metagenomics,"USA: Burr Oak Reservoir, Ohio",Gs0145677; 3300039027
S45,3300039205,SRR359024,Richmond-AMD,"Acid mine drainage biofilm communities from Richmond mine site C10, Iron Mt, CA, USA - AMDC100806",Acid mine drainage,Metagenomics,"USA: Iron Mountain, California",PRJNA76185; Gs0129031; 3300039205
S62,3300043827,SRX30453273,Lake-Matano,"Freshwater microbial communities from Matano Lake, South Sulawesi, Indonesia - Matano_1m_2014",Freshwater,Metagenomics,Indonesia: South Sulawesi,PRJNA1316481; Gs0127566; 3300043827
S25,3300038471,SRX9404293,Akron-AMD,"Lab enriched acid mine drainage microbial communities from Akron, Ohio, USA - WFPL1_0D",acid mine drainage,Metagenomics,"USA: Akron, Ohio",PRJNA650771; Gs0145645; 3300038471
S13,3300030335,SRR359001,Richmond-AMD,"Acid mine drainage biofilm communities from Richmond mine site C75, Iron Mt, CA, USA - AMDC750608V1",Acid mine drainage,Metagenomics,"USA: Iron Mountain, California",PRJNA76185; Gs0129031; 3300030335
S49,3300028737,SRX5337904,Lake-Matano,"Freshwater microbial communities from Lake Matano, South Sulawesi, Indonesia - Watercolumn_Matano_2014_100_MG",freshwater,Metagenomics,Indonesia: South Sulawesi,PRJNA518401; Gs0127566; 3300028737
S28,3300038411,SRX9404296,Akron-AMD,"Lab enriched acid mine drainage microbial communities from Akron, Ohio, USA - PML1_0D",acid mine drainage,Metagenomics,"USA: Akron, Ohio",PRJNA650769; Gs0145645; 3300038411
S16,3300031877,SRX6422719,Lake-Towuti,"Freshwater sediment microbial communities from Lake Towuti, South Sulawesi, Indonesia - TDP9",sediment,Metagenomics,Indonesia: South Sulawesi,PRJNA539347; Gs0131992; 3300031877
S1,3300038731,SRR359000,Richmond-AMD,"Acid mine drainage biofilm communities from Richmond mine site C75, Iron Mt, CA, USA - AMDC751107",Acid mine drainage,Metagenomics,"USA: Iron Mountain, California",PRJNA76185; Gs0129031; 3300038731
S41,3300038979,SRR359032,Richmond-AMD,"Acid mine drainage biofilm communities from Richmond mine site Abmuck, Iron Mt, CA, USA - AMDABmuck0807",Acid mine drainage,Metagenomics,"USA: Iron Mountain, California",PRJNA76185; Gs0129031; 3300038979
S55,3300023548,Not reported,Hydrothermal-Fe-mats,"Hydrothermal Fe-rich mat microbial community from Loihi Seamount, Hawaii, USA - 677-SSYellow",Hydrothermal Fe-rich mat,Metagenomics,"USA: Loihi Seamount, Hawaii",Gs0133538; 3300023548
S9,3300061576,SRX31034105,Lake-Superior,"Metatranscriptome of freshwater microbial communities from Lake Superior, Michigan, USA - SU01M_mt4 (Metagenome Metatranscriptome)",Freshwater,Metatranscriptomics,United States: Michigan,PRJNA1339124; Gs0135713; 3300061576
S60,3300038486,SRR359027,Richmond-AMD,"Acid mine drainage biofilm communities from Richmond mine site AB20, Iron Mt, CA, USA - AMDAB200606DS0",Acid mine drainage,Metagenomics,"USA: Iron Mountain, California",PRJNA76185; Gs0129031; 3300038486
S44,3300031587,SRX6422662,Lake-Towuti,"Freshwater sediment microbial communities from Lake Towuti, South Sulawesi, Indonesia - TDP3",sediment,Metagenomics,Indonesia: South Sulawesi,PRJNA539343; Gs0131992; 3300031587
S43,3300005360,SAMN05518013,Richmond-AMD,"Acid Mine Drainage (ARMAN) microbial communities from Richmond mine, Iron Mountain, CA, sample from Ultra Back A BS v2 (version 2)",Acid Mine Drainage (AMD),Metagenomics,Iron Mountain California,PRJNA337102; Gs0053288; 3300005360
S18,3300008723,SRR943109,Richmond-AMD,"Acid mine drainage (AMD) microbial communities of acidophilic biofilm from Richmond mine in California, USA - R1 GS05",Acid mine drainage,Metatranscriptomics,"USA: Richmond, California",PRJNA210320; Gs0117981; 3300008723
S59,3300038493,SRR359028,Richmond-AMD,"Acid mine drainage biofilm communities from Richmond mine site AB20, Iron Mt, CA, USA - AMDAB200606DS1",Acid mine drainage,Metagenomics,"USA: Iron Mountain, California",PRJNA76185; Gs0129031; 3300038493
S26,3300036045,"SRX4020278, SRX5645273",Lake-Towuti,"Freshwater sediment microbial communities from Lake Towuti, South Sulawesi, Indonesia - Balambano_FR2_MetaG (v2) (version 2)",Freshwater sediment,Metagenomics,Indonesia: South Sulawesi,PRJNA439835; Gs0131992; 3300036045
S35,3300046013,SRX30958256,Akron-AMD,"Metatranscriptome of lab enriched acid mine drainage microbial communities from Akron, Ohio, USA - PML2_14D (Metagenome Metatranscriptome)",acid mine drainage,Metatranscriptomics,"USA: Akron, Ohio",PRJNA1343114; Gs0145645; 3300046013
S38,3300038729,SRR359023,Richmond-AMD,"Acid mine drainage biofilm communities from Richmond mine site C75, Iron Mt, CA, USA - AMDC751210",Acid mine drainage,Metagenomics,"USA: Iron Mountain, California",PRJNA76185; Gs0129031; 3300038729
S66,3300030413,SRR359031,Richmond-AMD,"Acid mine drainage biofilm communities from Richmond mine site Abmuck, Iron Mt, CA, USA - AMDABmuck0507",Acid mine drainage,Metagenomics,"USA: Iron Mountain, California",PRJNA76185; Gs0129031; 3300030413
S34,3300038412,SRX9404291,Akron-AMD,"Lab enriched acid mine drainage microbial communities from Akron, Ohio, USA - PML1_21D",acid mine drainage,Metagenomics,"USA: Akron, Ohio",PRJNA650770; Gs0145645; 3300038412
S51,3300031806,SRX6422543,Lake-Towuti,"Freshwater sediment microbial communities from Lake Towuti, South Sulawesi, Indonesia - TDP1",sediment,Metagenomics,Indonesia: South Sulawesi,PRJNA539341; Gs0131992; 3300031806
S61,3300055057,SRX31021875,Akron-AMD,"Metatranscriptome of lab enriched acid mine drainage microbial communities from Akron, Ohio, USA - PML1_0D (Metagenome Metatranscriptome)",acid mine drainage,Metatranscriptomics,"USA: Akron, Ohio",PRJNA1343652; Gs0145645; 3300055057
S50,3300023440,Not reported,Hydrothermal-Fe-mats,"Hydrothermal Fe-rich mat microbial community from Rainbow Site, Mid-Atlantic Ridge, Atlantic Ocean - 664-BS3",Hydrothermal Fe-rich mat,Metagenomics,"International: Rainbow Site, Mid-Atlantic Ridge",Gs0133538; 3300023440
S58,3300039028,Not reported,Burr-Oak-BO4,"Lab enriched sediment microbial communities from Lake Superior, Michigan, USA - Sup1",Sediment,Metagenomics,"South west Lake Superior, Michigan, USA",Gs0145677; 3300039028
S47,3300008566,SRR943119,Richmond-AMD,"Acid mine drainage (AMD) microbial communities of acidophilic biofilm from Richmond mine in California, USA - C10 GS0",Acid mine drainage,Metatranscriptomics,"USA: Richmond, California",PRJNA210320; Gs0117981; 3300008566
S29,3300024341,SRX4480657,Lake-Matano,"Freshwater microbial communities from Lake Matano, South Sulawesi, Indonesia - Watercolumn_Matano_2014_107_MG",freshwater,Metagenomics,Indonesia: South Sulawesi,PRJNA468226; Gs0127566; 3300024341
S32,3300021517,"SRX4020278, SRX5645273",Lake-Towuti,"Freshwater sediment microbial communities from Lake Towuti, South Sulawesi, Indonesia - Balambano_FR2_MetaG",Freshwater sediment,Metagenomics,Indonesia: South Sulawesi,PRJNA439835; Gs0131992; 3300021517
S14,3300055062,SRX31021836,Akron-AMD,"Metatranscriptome of lab enriched acid mine drainage microbial communities from Akron, Ohio, USA - PML1_14D (Metagenome Metatranscriptome)",acid mine drainage,Metatranscriptomics,"USA: Akron, Ohio",PRJNA1340724; Gs0145645; 3300055062
S19,3300023442,Not reported,Hydrothermal-Fe-mats,"Hydrothermal Fe-rich mat microbial community from Rainbow Site, Mid-Atlantic Ridge, Atlantic Ocean - 664-SC8",Hydrothermal Fe-rich mat,Metagenomics,"International: Rainbow Site, Mid-Atlantic Ridge",Gs0133538; 3300023442
S24,3300036046,"SRX4020276, SRX5645274",Lake-Towuti,"Freshwater sediment microbial communities from Lake Towuti, South Sulawesi, Indonesia - Balambano_FR1_MetaG (v2) (version 2)",Freshwater sediment,Metagenomics,Indonesia: South Sulawesi,PRJNA439834; Gs0131992; 3300036046
S20,3300023313,Not reported,Hydrothermal-Fe-mats,"Hydrothermal Fe-rich mat microbial community from Urashima Vent Field, Mariana Arc, Pacific Ocean - 801-BM1-B4",Hydrothermal Fe-rich mat,Metagenomics,"International: Urashima Vent Field, Mariana Arc",Gs0133538; 3300023313
S56,3300039211,SRR359029,Richmond-AMD,"Acid mine drainage biofilm communities from Richmond mine site AB20, Iron Mt, CA, USA - AMDAB200606DS2",Acid mine drainage,Metagenomics,"USA: Iron Mountain, California",PRJNA76185; Gs0129031; 3300039211
S53,3300008721,SRR943123,Richmond-AMD,"Acid mine drainage (AMD) microbial communities of acidophilic biofilm from Richmond mine in California, USA - R3 GS0",Acid mine drainage,Metatranscriptomics,"USA: Richmond, California",PRJNA210320; Gs0117981; 3300008721
S27,3300003104,Not reported,Richmond-AMD,"Pink biofilm microbial community from flowing acid mine drainage at Richmond mine, Iron Mountain, California, USA",Acid Mine Drainage (AMD),Metagenomics,"Richmond mine, Iron Mountain, California, USA",Gs0111506; 3300003104
S67,3300038681,SRR359026,Richmond-AMD,"Acid mine drainage biofilm communities from Richmond mine site C10, Iron Mt, CA, USA - AMDC100807",Acid mine drainage,Metagenomics,"USA: Iron Mountain, California",PRJNA76185; Gs0129031; 3300038681
S31,3300030228,SRR359025,Richmond-AMD,"Acid mine drainage biofilm communities from Richmond mine site C10, Iron Mt, CA, USA - AMDC101106",Acid mine drainage,Metagenomics,"USA: Iron Mountain, California",PRJNA76185; Gs0129031; 3300030228
S23,3300055069,SRX31021876,Akron-AMD,"Metatranscriptome of lab enriched acid mine drainage microbial communities from Akron, Ohio, USA - WFP3_21D (Metagenome Metatranscriptome)",acid mine drainage,Metatranscriptomics,"USA: Akron, Ohio",PRJNA1341174; Gs0145645; 3300055069
S17,2010484004,SAMN05518013,Richmond-AMD,"Acid Mine Drainage (ARMAN) microbial communities from Richmond mine, Iron Mountain, CA, sample from Ultra Back A BS v1",Acid Mine Drainage (AMD),Metagenomics,Iron Mountain California,PRJNA337102; Gs0053288; 2010484004
S7,3300023307,Not reported,Hydrothermal-Fe-mats,"Hydrothermal Fe-rich mat microbial community from Urashima Vent Field, Mariana Arc, Pacific Ocean - 801-SC8",Hydrothermal Fe-rich mat,Metagenomics,"International: Urashima Vent Field, Mariana Arc",Gs0133538; 3300023307
S42,3300031876,SRX6422652,Lake-Towuti,"Freshwater sediment microbial communities from Lake Towuti, South Sulawesi, Indonesia - TDP5",sediment,Metagenomics,Indonesia: South Sulawesi,PRJNA539345; Gs0131992; 3300031876
S8,3300023177,SRX4481787,Lake-Matano,"Freshwater microbial communities from Lake Matano, South Sulawesi, Indonesia - Watercolumn_Matano_2014_112_MG",freshwater,Metagenomics,Indonesia: South Sulawesi,PRJNA468228; Gs0127566; 3300023177
S57,3300021476,SRX5644394,Other-Fe,"Biofilm microbial communities from the roof of an iron ore cave, State of Minas Gerais, Brazil - TC_06 Biofilm (v2)",Biofilm,Metagenomics,Brazil: State of Minas Gerais,PRJNA465920; Gs0118678; 3300021476
S46,3300003083,SAMN02954271,Richmond-AMD,"Acid Mine Drainage (ARMAN) microbial communities from Richmond mine, Iron Mountain, CA, sample from UBA Biofilm",Acid Mine Drainage (AMD),Metagenomics,"Richmond Mine, Iron Mountain CA",PRJNA18537; Gs0053288; 3300003083
S48,3300023444,Not reported,Hydrothermal-Fe-mats,"Hydrothermal Fe-rich mat microbial community from Loihi Seamount, Hawaii, USA - 675-SC9",Hydrothermal Fe-rich mat,Metagenomics,"USA: Loihi Seamount, Hawaii",Gs0133538; 3300023444
